age,Federal-gov,Local-gov,State-gov,Private,Self-emp-inc,Self-emp-not-inc,education-num,edu_1st-4th,edu_5th_6th,edu_7th-8th,edu_9th,edu_10th,edu_11th,edu_12th,edu_Assoc-acdm,Assoc-voc,edu_Bachelors,edu_Doctorate,edu_HS-grad,Masters,edu_Preschool,edu_Prof-school,edu_Some-college,Divorced,Married-civ-spouse,Married-spouse-absent,Never-married,Separated,Widowed,Adm-clerical,Craft-repair,Exec-managerial,Farming-fishing,Handlers-cleaners,Machine-op-inspct,Other-service,Priv-house-serv,Prof-specialty,Protective-serv,Sales,Tech-support,Transport-moving,Husband,Not-in-family,Other-relative,Own-child,Unmarried,Wife,Amer-Indian-Eskimo,Asian-Pac-Islander,Black,Other,White,Gender (0=female; 1=male),final weight,capital-gain,capital-loss,hours-per-week,China,Ecuador,El-Salvador,England,France,Germany,Greece,Haiti,India,Iran,Italy,Mexico,Nicaragua,Outlying-US(Guam-USVI-etc),Portugal,Taiwan,Thailand,United-States,target: income>50k
41,0,0,0,1,0,0,10,0,0,0,0,0,0,0,0,0,0,0,0,0,0,0,1,0,0,0,1,0,0,0,1,0,0,0,0,0,0,0,0,0,0,0,1,0,0,0,0,0,0,0,0,1,0,1,70037,0,3004,60,0,0,0,0,0,0,0,0,0,0,0,0,0,0,0,0,0,0,1
22,0,0,0,1,0,0,12,0,0,0,0,0,0,0,1,0,0,0,0,0,0,0,0,0,0,0,1,0,0,0,0,0,0,1,0,0,0,0,0,0,0,0,1,0,0,0,0,0,0,0,0,0,1,1,119592,0,2824,40,0,0,0,0,0,0,0,0,0,0,0,0,0,0,0,0,0,0,1
43,1,0,0,0,0,0,15,0,0,0,0,0,0,0,0,0,0,0,0,0,0,1,0,0,1,0,0,0,0,0,0,0,0,0,0,0,0,1,0,0,0,0,1,0,0,0,0,0,0,0,0,0,1,1,156996,0,2415,55,0,0,0,0,0,0,0,0,0,0,0,0,0,0,0,0,0,0,1
60,0,0,0,0,1,0,11,0,0,0,0,0,0,0,0,1,0,0,0,0,0,0,0,0,1,0,0,0,0,0,0,0,0,0,1,0,0,0,0,0,0,0,1,0,0,0,0,0,0,0,0,0,1,1,226355,0,2415,70,0,0,0,0,0,0,0,0,0,0,0,0,0,0,0,0,0,0,1
39,0,0,0,0,0,1,15,0,0,0,0,0,0,0,0,0,0,0,0,0,0,1,0,0,1,0,0,0,0,0,0,0,0,0,0,0,0,1,0,0,0,0,1,0,0,0,0,0,0,0,0,0,1,1,218490,0,2415,50,0,0,0,0,0,0,0,0,0,0,0,0,0,0,0,0,0,0,1
68,0,0,1,0,0,0,14,0,0,0,0,0,0,0,0,0,0,0,0,1,0,0,0,0,1,0,0,0,0,0,0,0,0,0,0,0,0,1,0,0,0,0,1,0,0,0,0,0,0,0,0,0,1,1,202699,0,2377,42,0,0,0,0,0,0,0,0,0,0,0,0,0,0,0,0,0,0,1
34,0,0,0,1,0,0,13,0,0,0,0,0,0,0,0,0,1,0,0,0,0,0,0,0,0,1,0,0,0,0,0,0,0,0,1,0,0,0,0,0,0,0,1,0,0,0,0,0,0,1,0,0,0,1,25322,0,2339,40,0,0,0,0,0,0,0,0,0,0,0,0,0,0,0,0,0,0,0
55,0,0,0,1,0,0,10,0,0,0,0,0,0,0,0,0,0,0,0,0,0,0,1,0,0,0,1,0,0,1,0,0,0,0,0,0,0,0,0,0,0,0,1,0,0,0,0,0,0,1,0,0,0,0,158702,0,2339,45,0,0,0,0,0,0,0,0,0,0,0,0,0,0,0,0,0,0,0
43,0,0,0,1,0,0,3,0,1,0,0,0,0,0,0,0,0,0,0,0,0,0,0,0,1,0,0,0,0,0,0,0,0,0,1,0,0,0,0,0,0,0,1,0,0,0,0,0,0,1,0,0,0,0,143582,0,2129,72,0,0,0,0,0,0,0,0,0,0,0,0,0,0,0,0,0,0,0
51,0,0,0,1,0,0,13,0,0,0,0,0,0,0,0,0,1,0,0,0,0,0,0,0,1,0,0,0,0,0,0,1,0,0,0,0,0,0,0,0,0,0,0,1,0,0,0,0,0,0,0,0,1,1,199688,0,1977,60,0,0,0,0,0,0,0,0,0,0,0,0,0,0,0,0,0,0,1
55,0,0,0,1,0,0,16,0,0,0,0,0,0,0,0,0,0,1,0,0,0,0,0,0,1,0,0,0,0,0,0,0,0,0,0,0,0,1,0,0,0,0,0,1,0,0,0,0,0,0,0,0,1,1,175942,0,1977,55,0,0,0,0,0,0,0,0,0,0,0,0,0,0,0,0,0,0,1
50,0,0,0,0,1,0,4,0,0,1,0,0,0,0,0,0,0,0,0,0,0,0,0,0,1,0,0,0,0,0,1,0,0,0,0,0,0,0,0,0,0,0,0,1,0,0,0,0,0,0,0,0,1,1,201689,0,1977,63,0,0,0,0,0,0,0,0,0,0,0,0,0,0,0,0,0,0,1
42,0,0,0,0,1,0,13,0,0,0,0,0,0,0,0,0,1,0,0,0,0,0,0,0,1,0,0,0,0,0,0,1,0,0,0,0,0,0,0,0,0,0,0,1,0,0,0,0,0,0,0,0,1,1,191196,0,1977,60,0,0,0,0,0,0,0,0,0,0,0,0,0,0,0,0,0,0,1
58,0,0,0,0,0,1,6,0,0,0,0,1,0,0,0,0,0,0,0,0,0,0,0,0,1,0,0,0,0,0,1,0,0,0,0,0,0,0,0,0,0,0,0,1,0,0,0,0,0,0,1,0,0,0,147653,0,1977,35,0,0,0,0,0,0,0,0,0,0,0,0,0,0,0,0,0,0,1
46,0,0,0,1,0,0,14,0,0,0,0,0,0,0,0,0,0,0,0,1,0,0,0,0,1,0,0,0,0,0,0,0,0,0,0,0,0,0,0,0,1,0,0,0,0,0,1,0,0,0,1,0,0,1,324655,0,1902,40,0,0,0,0,0,0,0,0,0,0,0,0,0,0,0,0,0,0,1
50,0,0,0,1,0,0,13,0,0,0,0,0,0,0,0,0,1,0,0,0,0,0,0,0,1,0,0,0,0,1,0,0,0,0,0,0,0,0,0,0,0,0,0,0,0,0,1,0,0,0,1,0,0,1,162327,0,1902,50,0,0,0,0,0,0,0,0,0,0,0,0,0,0,0,0,0,0,1
45,0,0,0,1,0,0,10,0,0,0,0,0,0,0,0,0,0,0,0,0,0,0,1,0,1,0,0,0,0,0,1,0,0,0,0,0,0,0,0,0,0,0,0,0,0,0,1,0,0,0,0,0,1,1,47314,0,1902,40,0,0,0,0,0,0,0,0,0,0,0,0,0,0,0,0,0,0,1
46,0,0,0,0,1,0,13,0,0,0,0,0,0,0,0,0,1,0,0,0,0,0,0,0,1,0,0,0,0,0,0,0,0,0,0,0,0,0,0,1,0,0,0,0,0,0,1,0,0,0,1,0,0,1,328216,0,1902,42,0,0,0,0,0,0,0,0,0,0,0,0,0,0,0,0,0,0,1
49,0,0,1,0,0,0,16,0,0,0,0,0,0,0,0,0,0,1,0,0,0,0,0,0,1,0,0,0,0,0,0,0,0,0,0,0,0,1,0,0,0,0,0,0,0,0,1,0,0,0,1,0,0,1,133917,0,1902,60,0,0,0,0,0,0,0,0,0,0,0,0,0,0,0,0,0,0,1
40,0,1,0,0,0,0,4,0,0,1,0,0,0,0,0,0,0,0,0,0,0,0,0,0,1,0,0,0,0,0,1,0,0,0,0,0,0,0,0,0,0,0,1,0,0,0,0,0,0,1,0,0,0,1,289403,0,1887,40,1,0,0,0,0,0,0,0,0,0,0,0,0,0,0,0,0,0,1
35,0,0,0,1,0,0,13,0,0,0,0,0,0,0,0,0,1,0,0,0,0,0,0,0,1,0,0,0,0,0,0,1,0,0,0,0,0,0,0,0,0,0,1,0,0,0,0,0,0,1,0,0,0,1,200117,0,1887,50,1,0,0,0,0,0,0,0,0,0,0,0,0,0,0,0,0,0,1
32,0,0,0,1,0,0,10,0,0,0,0,0,0,0,0,0,0,0,0,0,0,0,1,0,1,0,0,0,0,1,0,0,0,0,0,0,0,0,0,0,0,0,0,1,0,0,0,0,0,0,0,0,1,0,199655,0,1740,40,0,1,0,0,0,0,0,0,0,0,0,0,0,0,0,0,0,0,0
39,0,0,0,0,0,1,13,0,0,0,0,0,0,0,0,0,1,0,0,0,0,0,0,1,0,0,0,0,0,0,1,0,0,0,0,0,0,0,0,0,0,0,0,0,0,0,0,1,0,0,0,0,1,1,331481,0,1669,60,0,0,1,0,0,0,0,0,0,0,0,0,0,0,0,0,0,0,0
34,0,0,0,1,0,0,10,0,0,0,0,0,0,0,0,0,0,0,0,0,0,0,1,0,1,0,0,0,0,0,0,0,0,0,0,1,0,0,0,0,0,0,0,1,0,0,0,0,0,0,0,0,1,0,238305,0,1628,12,0,0,0,1,0,0,0,0,0,0,0,0,0,0,0,0,0,0,0
26,0,0,0,1,0,0,10,0,0,0,0,0,0,0,0,0,0,0,0,0,0,0,1,0,0,0,1,0,0,0,0,0,0,0,0,0,0,1,0,0,0,0,0,1,0,0,0,0,0,0,0,0,1,1,225279,0,1602,40,0,0,0,1,0,0,0,0,0,0,0,0,0,0,0,0,0,0,0
46,0,0,0,1,0,0,13,0,0,0,0,0,0,0,0,0,1,0,0,0,0,0,0,1,0,0,0,0,0,0,0,0,0,0,1,0,0,0,0,0,0,0,0,0,0,0,1,0,0,0,0,0,1,1,170850,0,1590,40,0,0,0,0,1,0,0,0,0,0,0,0,0,0,0,0,0,0,0
29,0,0,0,1,0,0,10,0,0,0,0,0,0,0,0,0,0,0,0,0,0,0,1,0,0,0,1,0,0,0,0,0,0,0,0,1,0,0,0,0,0,0,0,0,0,0,0,1,0,0,0,0,1,1,149943,0,1590,40,0,0,0,0,1,0,0,0,0,0,0,0,0,0,0,0,0,0,0
30,0,0,0,1,0,0,9,0,0,0,0,0,0,0,0,0,0,0,1,0,0,0,0,0,1,0,0,0,0,0,0,0,0,0,0,0,0,0,0,1,0,0,0,1,0,0,0,0,0,0,0,0,1,0,117747,0,1573,35,0,0,0,0,0,1,0,0,0,0,0,0,0,0,0,0,0,0,0
39,0,0,0,1,0,0,13,0,0,0,0,0,0,0,0,0,1,0,0,0,0,0,0,0,0,1,0,0,0,0,1,0,0,0,0,0,0,0,0,0,0,0,0,1,0,0,0,0,0,0,0,0,1,1,165106,0,1564,50,0,0,0,0,0,1,0,0,0,0,0,0,0,0,0,0,0,0,1
38,0,0,0,1,0,0,14,0,0,0,0,0,0,0,0,0,0,0,0,1,0,0,0,0,1,0,0,0,0,0,0,0,0,0,0,1,0,0,0,0,0,0,0,0,0,0,1,0,0,0,0,0,1,1,300975,0,1485,40,0,0,0,0,0,1,0,0,0,0,0,0,0,0,0,0,0,0,0
31,0,0,0,1,0,0,10,0,0,0,0,0,0,0,0,0,0,0,0,0,0,0,1,0,1,0,0,0,0,0,0,0,0,0,0,1,0,0,0,0,0,0,0,0,0,0,1,0,1,0,0,0,0,1,251659,0,1485,55,0,0,0,0,0,1,0,0,0,0,0,0,0,0,0,0,0,0,1
34,0,0,0,0,0,1,13,0,0,0,0,0,0,0,0,0,1,0,0,0,0,0,0,0,1,0,0,0,0,0,0,1,0,0,0,0,0,0,0,0,0,0,0,0,0,0,1,0,0,0,0,0,1,1,213226,0,1485,35,0,0,0,0,0,1,0,0,0,0,0,0,0,0,0,0,0,0,0
28,0,0,0,1,0,0,13,0,0,0,0,0,0,0,0,0,1,0,0,0,0,0,0,0,0,0,1,0,0,0,0,1,0,0,0,0,0,0,0,0,0,0,0,0,0,1,0,0,0,0,0,0,1,0,103802,0,1408,40,0,0,0,0,0,0,1,0,0,0,0,0,0,0,0,0,0,0,0
38,0,0,0,1,0,0,9,0,0,0,0,0,0,0,0,0,0,0,1,0,0,0,0,0,0,0,1,0,0,0,0,0,0,0,0,1,0,0,0,0,0,0,0,0,0,1,0,0,0,0,0,0,1,1,193026,0,1408,40,0,0,0,0,0,0,1,0,0,0,0,0,0,0,0,0,0,0,0
50,0,0,0,1,0,0,13,0,0,0,0,0,0,0,0,0,1,0,0,0,0,0,0,0,1,0,0,0,0,0,0,0,0,0,0,0,0,0,0,1,0,0,0,0,1,0,0,0,0,0,1,0,0,1,238959,99999,0,60,0,0,0,0,0,0,0,1,0,0,0,0,0,0,0,0,0,0,1
51,0,0,0,1,0,0,14,0,0,0,0,0,0,0,0,0,0,0,0,1,0,0,0,0,1,0,0,0,0,0,0,1,0,0,0,0,0,0,0,0,0,0,0,0,1,0,0,0,0,0,1,0,0,1,145714,99999,0,50,0,0,0,0,0,0,0,1,0,0,0,0,0,0,0,0,0,0,1
40,0,0,0,1,0,0,15,0,0,0,0,0,0,0,0,0,0,0,0,0,0,1,0,0,1,0,0,0,0,0,0,0,0,0,0,0,0,1,0,0,0,0,0,0,1,0,0,0,0,0,1,0,0,1,79586,99999,0,40,0,0,0,0,0,0,0,1,0,0,0,0,0,0,0,0,0,0,1
66,0,0,0,1,0,0,13,0,0,0,0,0,0,0,0,0,1,0,0,0,0,0,0,0,1,0,0,0,0,0,0,1,0,0,0,0,0,0,0,0,0,0,0,0,1,0,0,0,0,0,1,0,0,1,115498,99999,0,55,0,0,0,0,0,0,0,1,0,0,0,0,0,0,0,0,0,0,1
36,0,0,0,0,1,0,9,0,0,0,0,0,0,0,0,0,0,0,1,0,0,0,0,0,1,0,0,0,0,0,0,1,0,0,0,0,0,0,0,0,0,0,0,0,1,0,0,0,0,0,1,0,0,1,216711,99999,0,50,0,0,0,0,0,0,0,1,0,0,0,0,0,0,0,0,0,0,1
37,0,1,0,0,0,0,12,0,0,0,0,0,0,0,1,0,0,0,0,0,0,0,0,0,1,0,0,0,0,0,0,0,0,0,0,0,0,1,0,0,0,0,0,0,1,0,0,0,0,0,1,0,0,0,287306,99999,0,40,0,0,0,0,0,0,0,1,0,0,0,0,0,0,0,0,0,0,1
45,0,0,0,0,1,0,13,0,0,0,0,0,0,0,0,0,1,0,0,0,0,0,0,0,1,0,0,0,0,0,0,1,0,0,0,0,0,0,0,0,0,0,0,0,1,0,0,0,0,0,1,0,0,0,108100,99999,0,25,0,0,0,0,0,0,0,1,0,0,0,0,0,0,0,0,0,0,1
42,0,0,0,1,0,0,16,0,0,0,0,0,0,0,0,0,0,1,0,0,0,0,0,0,0,1,0,0,0,0,0,0,0,0,0,1,0,0,0,0,0,0,0,0,0,1,0,0,0,0,0,0,1,1,46221,27828,0,60,0,0,0,0,0,0,0,0,1,0,0,0,0,0,0,0,0,0,1
64,0,0,0,0,1,0,9,0,0,0,0,0,0,0,0,0,0,0,1,0,0,0,0,0,1,0,0,0,0,1,0,0,0,0,0,0,0,0,0,0,0,0,0,0,0,0,1,0,0,0,0,0,1,0,132832,20051,0,40,0,0,0,0,0,0,0,0,0,1,0,0,0,0,0,0,0,0,1
64,1,0,0,0,0,0,15,0,0,0,0,0,0,0,0,0,0,0,0,0,0,1,0,0,1,0,0,0,0,0,0,0,0,0,0,0,0,1,0,0,0,0,1,0,0,0,0,0,0,0,0,0,1,1,388594,15024,0,45,0,0,0,0,0,0,0,0,0,0,1,0,0,0,0,0,0,0,1
55,0,0,0,1,0,0,14,0,0,0,0,0,0,0,0,0,0,0,0,1,0,0,0,0,1,0,0,0,0,0,0,0,0,0,0,0,0,1,0,0,0,0,1,0,0,0,0,0,0,0,0,0,1,1,98361,15024,0,50,0,0,0,0,0,0,0,0,0,0,1,0,0,0,0,0,0,0,1
42,0,0,0,1,0,0,14,0,0,0,0,0,0,0,0,0,0,0,0,1,0,0,0,0,1,0,0,0,0,0,0,0,0,0,0,0,0,0,0,1,0,0,1,0,0,0,0,0,0,0,0,0,1,1,187720,15024,0,50,0,0,0,0,0,0,0,0,0,0,1,0,0,0,0,0,0,0,1
47,0,0,0,1,0,0,14,0,0,0,0,0,0,0,0,0,0,0,0,1,0,0,0,0,1,0,0,0,0,0,0,1,0,0,0,0,0,0,0,0,0,0,1,0,0,0,0,0,0,0,0,0,1,1,120781,15024,0,40,0,0,0,0,0,0,0,0,0,0,1,0,0,0,0,0,0,0,1
30,0,0,0,0,1,0,14,0,0,0,0,0,0,0,0,0,0,0,0,1,0,0,0,0,1,0,0,0,0,0,0,1,0,0,0,0,0,0,0,0,0,0,1,0,0,0,0,0,0,0,0,0,1,1,321990,15024,0,60,0,0,0,0,0,0,0,0,0,0,1,0,0,0,0,0,0,0,1
43,0,0,1,0,0,0,13,0,0,0,0,0,0,0,0,0,1,0,0,0,0,0,0,0,1,0,0,0,0,0,0,0,0,0,0,0,0,1,0,0,0,0,1,0,0,0,0,0,0,0,0,0,1,1,506329,15024,0,40,0,0,0,0,0,0,0,0,0,0,1,0,0,0,0,0,0,0,1
30,0,1,0,0,0,0,13,0,0,0,0,0,0,0,0,0,1,0,0,0,0,0,0,0,0,0,1,0,0,0,0,0,0,0,0,0,0,1,0,0,0,0,1,0,0,0,0,0,0,0,0,0,1,1,125159,14084,0,45,0,0,0,0,0,0,0,0,0,0,0,1,0,0,0,0,0,0,1
35,0,0,0,1,0,0,14,0,0,0,0,0,0,0,0,0,0,0,0,1,0,0,0,0,0,0,1,0,0,0,0,0,0,0,0,0,0,1,0,0,0,0,1,0,0,0,0,0,0,0,0,0,1,1,188069,13550,0,55,0,0,0,0,0,0,0,0,0,0,0,1,0,0,0,0,0,0,1
65,0,0,0,0,0,1,7,0,0,0,0,0,1,0,0,0,0,0,0,0,0,0,0,0,1,0,0,0,0,0,0,1,0,0,0,0,0,0,0,0,0,0,0,1,0,0,0,0,0,0,0,0,1,1,118474,9386,0,59,0,0,0,0,0,0,0,0,0,0,0,1,0,0,0,0,0,0,1
66,0,1,0,0,0,0,10,0,0,0,0,0,0,0,0,0,0,0,0,0,0,0,1,1,0,0,0,0,0,0,0,0,0,0,0,1,0,0,0,0,0,0,0,1,0,0,0,0,0,0,0,0,1,0,222810,7896,0,40,0,0,0,0,0,0,0,0,0,0,0,1,0,0,0,0,0,0,1
62,0,0,0,1,0,0,16,0,0,0,0,0,0,0,0,0,0,1,0,0,0,0,0,0,1,0,0,0,0,0,0,0,0,0,0,0,0,1,0,0,0,0,0,1,0,0,0,0,0,0,0,0,1,1,134768,7688,0,40,0,0,0,0,0,0,0,0,0,0,0,1,0,0,0,0,0,0,1
52,0,0,0,1,0,0,10,0,0,0,0,0,0,0,0,0,0,0,0,0,0,0,1,0,1,0,0,0,0,0,0,1,0,0,0,0,0,0,0,0,0,0,0,1,0,0,0,0,0,0,0,0,1,1,84278,7688,0,55,0,0,0,0,0,0,0,0,0,0,0,1,0,0,0,0,0,0,1
39,0,0,0,0,1,0,13,0,0,0,0,0,0,0,0,0,1,0,0,0,0,0,0,0,1,0,0,0,0,0,0,0,0,0,0,0,0,0,0,1,0,0,0,1,0,0,0,0,0,0,0,0,1,1,116358,7688,0,40,0,0,0,0,0,0,0,0,0,0,0,1,0,0,0,0,0,0,1
54,0,0,0,0,1,0,13,0,0,0,0,0,0,0,0,0,1,0,0,0,0,0,0,0,1,0,0,0,0,0,0,0,0,0,1,0,0,0,0,0,0,0,0,1,0,0,0,0,0,0,0,0,1,1,304570,7688,0,40,0,0,0,0,0,0,0,0,0,0,0,1,0,0,0,0,0,0,1
45,0,0,0,0,1,0,15,0,0,0,0,0,0,0,0,0,0,0,0,0,0,1,0,0,1,0,0,0,0,0,0,1,0,0,0,0,0,0,0,0,0,0,0,1,0,0,0,0,0,0,0,0,1,1,180239,7688,0,40,0,0,0,0,0,0,0,0,0,0,0,1,0,0,0,0,0,0,1
54,0,0,0,0,1,0,13,0,0,0,0,0,0,0,0,0,1,0,0,0,0,0,0,0,1,0,0,0,0,0,0,1,0,0,0,0,0,0,0,0,0,0,0,1,0,0,0,0,0,0,0,0,1,1,223752,7688,0,40,0,0,0,0,0,0,0,0,0,0,0,1,0,0,0,0,0,0,1
34,0,0,1,0,0,0,13,0,0,0,0,0,0,0,0,0,1,0,0,0,0,0,0,0,1,0,0,0,0,0,0,1,0,0,0,0,0,0,0,0,0,0,0,1,0,0,0,0,0,0,0,0,1,1,98101,7688,0,45,0,0,0,0,0,0,0,0,0,0,0,1,0,0,0,0,0,0,1
38,0,0,1,0,0,0,16,0,0,0,0,0,0,0,0,0,0,1,0,0,0,0,0,0,1,0,0,0,0,0,0,0,0,0,0,0,0,1,0,0,0,0,0,1,0,0,0,0,0,0,0,0,1,0,110426,7688,0,40,0,0,0,0,0,0,0,0,0,0,0,1,0,0,0,0,0,0,1
41,0,0,0,1,0,0,13,0,0,0,0,0,0,0,0,0,1,0,0,0,0,0,0,1,0,0,0,0,0,0,0,0,0,0,0,0,0,0,0,0,1,0,0,0,0,1,0,0,0,0,0,0,1,1,529216,7430,0,45,0,0,0,0,0,0,0,0,0,0,0,0,1,0,0,0,0,0,1
46,0,0,0,1,0,0,8,0,0,0,0,0,0,1,0,0,0,0,0,0,0,0,0,0,1,0,0,0,0,0,1,0,0,0,0,0,0,0,0,0,0,0,0,0,0,0,0,1,0,0,0,0,1,1,113806,7298,0,40,0,0,0,0,0,0,0,0,0,0,0,0,1,0,0,0,0,0,1
35,0,0,0,1,0,0,14,0,0,0,0,0,0,0,0,0,0,0,0,1,0,0,0,0,1,0,0,0,0,0,0,0,0,0,0,0,0,1,0,0,0,0,0,0,0,0,0,1,0,0,0,0,1,1,75855,7298,0,40,0,0,0,0,0,0,0,0,0,0,0,0,1,0,0,0,0,0,1
46,0,0,0,0,1,0,13,0,0,0,0,0,0,0,0,0,1,0,0,0,0,0,0,0,1,0,0,0,0,0,0,0,0,0,1,0,0,0,0,0,0,0,1,0,0,0,0,0,0,0,0,0,1,1,219962,7298,0,40,0,0,0,0,0,0,0,0,0,0,0,0,0,1,0,0,0,0,1
35,0,0,0,1,0,0,13,0,0,0,0,0,0,0,0,0,1,0,0,0,0,0,0,0,1,0,0,0,0,0,0,0,0,0,0,0,0,1,0,0,0,0,1,0,0,0,0,0,0,0,0,0,1,0,359131,7298,0,8,0,0,0,0,0,0,0,0,0,0,0,0,0,1,0,0,0,0,1
36,0,0,0,1,0,0,15,0,0,0,0,0,0,0,0,0,0,0,0,0,0,1,0,0,1,0,0,0,0,0,0,0,0,0,0,0,0,1,0,0,0,0,0,0,0,1,0,0,0,0,0,0,1,1,247558,5178,0,60,0,0,0,0,0,0,0,0,0,0,0,0,0,0,1,0,0,0,1
34,0,0,1,0,0,0,13,0,0,0,0,0,0,0,0,0,1,0,0,0,0,0,0,0,1,0,0,0,0,0,0,0,0,0,0,0,0,0,0,0,1,0,0,0,0,1,0,0,0,0,0,0,1,0,118551,5178,0,25,0,0,0,0,0,0,0,0,0,0,0,0,0,0,1,0,0,0,1
32,0,0,0,1,0,0,15,0,0,0,0,0,0,0,0,0,0,0,0,0,0,1,0,0,1,0,0,0,0,0,0,0,0,0,0,0,0,0,0,1,0,0,0,0,0,1,0,0,0,1,0,0,0,1,201988,4508,0,40,0,0,0,0,0,0,0,0,0,0,0,0,0,0,0,1,0,0,0
50,0,0,0,1,0,0,9,0,0,0,0,0,0,0,0,0,0,0,1,0,0,0,0,0,1,0,0,0,0,0,1,0,0,0,0,0,0,0,0,0,0,0,0,0,0,1,0,0,0,0,0,0,1,1,75472,4386,0,40,0,0,0,0,0,0,0,0,0,0,0,0,0,0,0,0,1,0,0
29,0,0,0,1,0,0,13,0,0,0,0,0,0,0,0,0,1,0,0,0,0,0,0,0,1,0,0,0,0,0,0,0,0,1,0,0,0,0,0,0,0,0,0,0,0,1,0,0,0,1,0,0,0,1,144259,4386,0,80,0,0,0,0,0,0,0,0,0,0,0,0,0,0,0,0,1,0,1
25,0,0,0,1,0,0,9,0,0,0,0,0,0,0,0,0,0,0,1,0,0,0,0,0,0,0,1,0,0,0,0,0,0,0,0,1,0,0,0,0,0,0,1,0,0,0,0,0,0,0,0,0,1,1,149943,4101,0,60,0,0,0,0,0,0,0,0,0,0,0,0,0,0,0,0,0,1,0
31,0,1,0,0,0,0,13,0,0,0,0,0,0,0,0,0,1,0,0,0,0,0,0,0,1,0,0,0,0,0,0,0,0,0,1,0,0,0,0,0,0,0,1,0,0,0,0,0,0,0,0,0,1,1,176185,4064,0,40,0,0,0,0,0,0,0,0,0,0,0,0,0,0,0,0,0,1,0
39,0,0,0,1,0,0,13,0,0,0,0,0,0,0,0,0,1,0,0,0,0,0,0,0,1,0,0,0,0,0,0,0,0,0,0,0,0,0,0,0,1,0,1,0,0,0,0,0,0,0,0,0,1,1,258276,3137,0,40,0,0,0,0,0,0,0,0,0,0,0,0,0,0,0,0,0,1,0
34,0,0,0,1,0,0,15,0,0,0,0,0,0,0,0,0,0,0,0,0,0,1,0,0,1,0,0,0,0,0,0,1,0,0,0,0,0,0,0,0,0,0,1,0,0,0,0,0,0,0,0,0,1,1,340917,2829,0,50,0,0,0,0,0,0,0,0,0,0,0,0,0,0,0,0,0,1,0
37,0,0,0,1,0,0,10,0,0,0,0,0,0,0,0,0,0,0,0,0,0,0,1,0,0,0,0,0,1,0,0,0,0,0,0,1,0,0,0,0,0,0,1,0,0,0,0,0,0,0,0,0,1,0,196529,2354,0,40,0,0,0,0,0,0,0,0,0,0,0,0,0,0,0,0,0,1,0
70,0,0,0,1,0,0,3,0,1,0,0,0,0,0,0,0,0,0,0,0,0,0,0,0,0,0,0,0,1,0,0,0,0,0,0,1,0,0,0,0,0,0,1,0,0,0,0,0,0,0,0,0,1,0,237065,2346,0,40,0,0,0,0,0,0,0,0,0,0,0,0,0,0,0,0,0,1,0
72,0,0,0,1,0,0,9,0,0,0,0,0,0,0,0,0,0,0,1,0,0,0,0,0,0,1,0,0,0,0,0,0,0,0,1,0,0,0,0,0,0,0,1,0,0,0,0,0,0,0,0,0,1,1,97304,2346,0,40,0,0,0,0,0,0,0,0,0,0,0,0,0,0,0,0,0,1,0
50,0,1,0,0,0,0,14,0,0,0,0,0,0,0,0,0,0,0,0,1,0,0,0,1,0,0,0,0,0,0,0,0,0,0,0,0,0,1,0,0,0,0,1,0,0,0,0,0,0,0,0,0,1,0,157043,2202,0,30,0,0,0,0,0,0,0,0,0,0,0,0,0,0,0,0,0,1,0
36,0,0,0,1,0,0,13,0,0,0,0,0,0,0,0,0,1,0,0,0,0,0,0,0,0,0,1,0,0,0,0,0,0,0,0,1,0,0,0,0,0,0,1,0,0,0,0,0,0,0,0,0,1,1,177907,2176,0,20,0,0,0,0,0,0,0,0,0,0,0,0,0,0,0,0,0,1,0
32,0,0,0,0,0,1,13,0,0,0,0,0,0,0,0,0,1,0,0,0,0,0,0,0,0,0,1,0,0,0,0,0,0,0,0,0,0,1,0,0,0,0,1,0,0,0,0,0,0,0,0,0,1,0,261056,2174,0,60,0,0,0,0,0,0,0,0,0,0,0,0,0,0,0,0,0,1,0
33,0,0,0,1,0,0,12,0,0,0,0,0,0,0,1,0,0,0,0,0,0,0,0,0,0,0,1,0,0,0,0,1,0,0,0,0,0,0,0,0,0,0,1,0,0,0,0,0,0,0,0,0,1,0,164707,2174,0,55,0,0,0,0,0,0,0,0,0,0,0,0,0,0,0,0,0,1,0
36,0,0,0,1,0,0,13,0,0,0,0,0,0,0,0,0,1,0,0,0,0,0,0,1,0,0,0,0,0,0,0,0,0,0,0,0,0,1,0,0,0,0,1,0,0,0,0,0,0,0,0,0,1,0,135293,1506,0,45,0,0,0,0,0,0,0,0,0,0,0,0,0,0,0,0,0,1,0
66,0,0,0,0,1,0,5,0,0,0,1,0,0,0,0,0,0,0,0,0,0,0,0,0,1,0,0,0,0,0,0,1,0,0,0,0,0,0,0,0,0,0,1,0,0,0,0,0,0,0,0,0,1,1,150726,1409,0,1,0,0,0,0,0,0,0,0,0,0,0,0,0,0,0,0,0,1,0
24,0,0,0,1,0,0,9,0,0,0,0,0,0,0,0,0,0,0,1,0,0,0,0,0,0,0,1,0,0,0,1,0,0,0,0,0,0,0,0,0,0,0,1,0,0,0,0,0,0,0,0,0,1,1,270872,594,0,40,0,0,0,0,0,0,0,0,0,0,0,0,0,0,0,0,0,1,0
47,1,0,0,0,0,0,10,0,0,0,0,0,0,0,0,0,0,0,0,0,0,0,1,0,1,0,0,0,0,0,1,0,0,0,0,0,0,0,0,0,0,0,1,0,0,0,0,0,0,0,0,0,1,1,168191,0,0,40,0,0,0,0,0,0,0,0,0,0,0,0,0,0,0,0,0,1,0
51,1,0,0,0,0,0,10,0,0,0,0,0,0,0,0,0,0,0,0,0,0,0,1,0,1,0,0,0,0,0,0,0,0,0,0,0,0,0,1,0,0,0,1,0,0,0,0,0,0,0,0,0,1,1,45334,0,0,70,0,0,0,0,0,0,0,0,0,0,0,0,0,0,0,0,0,1,0
37,1,0,0,0,0,0,16,0,0,0,0,0,0,0,0,0,0,1,0,0,0,0,0,0,1,0,0,0,0,0,0,0,0,0,0,0,0,1,0,0,0,0,1,0,0,0,0,0,0,0,0,0,1,1,129573,0,0,72,0,0,0,0,0,0,0,0,0,0,0,0,0,0,0,0,0,1,1
37,1,0,0,0,0,0,14,0,0,0,0,0,0,0,0,0,0,0,0,1,0,0,0,0,1,0,0,0,0,0,0,0,0,0,0,0,0,1,0,0,0,0,1,0,0,0,0,0,0,0,0,0,1,1,325538,0,0,40,0,0,0,0,0,0,0,0,0,0,0,0,0,0,0,0,0,1,1
51,1,0,0,0,0,0,10,0,0,0,0,0,0,0,0,0,0,0,0,0,0,0,1,0,1,0,0,0,0,0,0,0,0,1,0,0,0,0,0,0,0,0,1,0,0,0,0,0,0,0,0,0,1,1,215948,0,0,40,0,0,0,0,0,0,0,0,0,0,0,0,0,0,0,0,0,1,0
42,1,0,0,0,0,0,9,0,0,0,0,0,0,0,0,0,0,0,1,0,0,0,0,0,1,0,0,0,0,0,0,0,0,0,0,0,0,0,0,0,0,1,1,0,0,0,0,0,0,0,0,0,1,1,53727,0,0,40,0,0,0,0,0,0,0,0,0,0,0,0,0,0,0,0,0,1,0
38,1,0,0,0,0,0,13,0,0,0,0,0,0,0,0,0,1,0,0,0,0,0,0,0,1,0,0,0,0,0,0,0,0,0,0,0,0,1,0,0,0,0,1,0,0,0,0,0,0,0,1,0,0,1,190895,0,0,40,0,0,0,0,0,0,0,0,0,0,0,0,0,0,0,0,0,1,1
40,0,1,0,0,0,0,9,0,0,0,0,0,0,0,0,0,0,0,1,0,0,0,0,0,1,0,0,0,0,0,0,0,0,0,0,1,0,0,0,0,0,0,1,0,0,0,0,0,0,0,0,0,1,1,269168,0,0,40,0,0,0,0,0,0,0,0,0,0,0,0,0,0,0,0,0,1,0
42,0,1,0,0,0,0,16,0,0,0,0,0,0,0,0,0,0,1,0,0,0,0,0,0,1,0,0,0,0,0,0,1,0,0,0,0,0,0,0,0,0,0,1,0,0,0,0,0,0,0,1,0,0,1,185129,0,0,43,0,0,0,0,0,0,0,0,0,0,0,0,0,0,0,0,0,1,1
37,0,1,0,0,0,0,9,0,0,0,0,0,0,0,0,0,0,0,1,0,0,0,0,0,1,0,0,0,0,0,1,0,0,0,0,0,0,0,0,0,0,0,1,0,0,0,0,0,0,0,0,0,1,1,244803,0,0,40,0,0,0,0,0,0,0,0,0,0,0,0,0,0,0,0,0,1,0
43,0,1,0,0,0,0,9,0,0,0,0,0,0,0,0,0,0,0,1,0,0,0,0,0,1,0,0,0,0,0,0,1,0,0,0,0,0,0,0,0,0,0,1,0,0,0,0,0,0,0,0,0,1,1,144778,0,0,40,0,0,0,0,0,0,0,0,0,0,0,0,0,0,0,0,0,1,0
33,0,1,0,0,0,0,10,0,0,0,0,0,0,0,0,0,0,0,0,0,0,0,1,0,1,0,0,0,0,0,0,0,0,1,0,0,0,0,0,0,0,0,1,0,0,0,0,0,0,0,0,0,1,1,222654,0,0,66,0,0,0,0,0,0,0,0,0,0,0,0,0,0,0,0,0,1,0
60,0,1,0,0,0,0,14,0,0,0,0,0,0,0,0,0,0,0,0,1,0,0,0,0,1,0,0,0,0,0,0,0,0,0,0,0,0,1,0,0,0,0,1,0,0,0,0,0,0,0,1,0,0,1,212856,0,0,40,0,0,0,0,0,0,0,0,0,0,0,0,0,0,0,0,0,1,1
56,0,1,0,0,0,0,14,0,0,0,0,0,0,0,0,0,0,0,0,1,0,0,0,0,1,0,0,0,0,0,0,0,0,0,0,0,0,1,0,0,0,0,1,0,0,0,0,0,0,0,0,0,1,1,268213,0,0,35,0,0,0,0,0,0,0,0,0,0,0,0,0,0,0,0,0,1,1
40,0,0,0,1,0,0,11,0,0,0,0,0,0,0,0,1,0,0,0,0,0,0,0,0,1,0,0,0,0,0,1,0,0,0,0,0,0,0,0,0,0,0,1,0,0,0,0,0,0,0,0,0,1,1,121772,0,0,40,0,0,0,0,0,0,0,0,0,0,0,0,0,0,0,0,0,1,1
31,0,0,0,1,0,0,10,0,0,0,0,0,0,0,0,0,0,0,0,0,0,0,1,0,1,0,0,0,0,0,0,0,0,0,0,0,0,0,0,1,0,0,1,0,0,0,0,0,0,0,0,0,1,1,84154,0,0,38,0,0,0,0,0,0,0,0,0,0,0,0,0,0,0,0,0,1,1
56,0,0,0,1,0,0,9,0,0,0,0,0,0,0,0,0,0,0,1,0,0,0,0,0,1,0,0,0,0,1,0,0,0,0,0,0,0,0,0,0,0,0,1,0,0,0,0,0,0,0,0,0,1,1,203580,0,0,35,0,0,0,0,0,0,0,0,0,0,0,0,0,0,0,0,0,1,0
45,0,0,0,1,0,0,9,0,0,0,0,0,0,0,0,0,0,0,1,0,0,0,0,0,1,0,0,0,0,1,0,0,0,0,0,0,0,0,0,0,0,0,1,0,0,0,0,0,0,0,0,0,1,1,153141,0,0,40,0,0,0,0,0,0,0,0,0,0,0,0,0,0,0,0,0,1,0
42,0,0,0,1,0,0,12,0,0,0,0,0,0,0,1,0,0,0,0,0,0,0,0,0,1,0,0,0,0,0,0,1,0,0,0,0,0,0,0,0,0,0,1,0,0,0,0,0,0,0,0,0,1,1,197583,0,0,40,0,0,0,0,0,0,0,0,0,0,0,0,0,0,0,0,0,1,1
34,0,0,0,1,0,0,14,0,0,0,0,0,0,0,0,0,0,0,0,1,0,0,0,0,1,0,0,0,0,0,0,0,0,0,0,0,0,1,0,0,0,0,1,0,0,0,0,0,0,0,0,0,1,1,73585,0,0,40,0,0,0,0,0,0,0,0,0,0,0,0,0,0,0,0,0,1,0
41,0,0,0,1,0,0,6,0,0,0,0,1,0,0,0,0,0,0,0,0,0,0,0,0,1,0,0,0,0,0,1,0,0,0,0,0,0,0,0,0,0,0,1,0,0,0,0,0,0,0,0,0,1,1,239683,0,0,30,0,0,0,0,0,0,0,0,0,0,0,0,0,0,0,0,0,1,0
38,0,0,0,1,0,0,14,0,0,0,0,0,0,0,0,0,0,0,0,1,0,0,0,0,1,0,0,0,0,0,0,0,0,0,0,0,0,0,0,0,0,1,1,0,0,0,0,0,0,0,0,0,1,1,22245,0,0,72,0,0,0,0,0,0,0,0,0,0,0,0,0,0,0,0,0,1,1
30,0,0,0,1,0,0,9,0,0,0,0,0,0,0,0,0,0,0,1,0,0,0,0,0,1,0,0,0,0,1,0,0,0,0,0,0,0,0,0,0,0,0,1,0,0,0,0,0,0,0,0,0,1,1,283767,0,0,40,0,0,0,0,0,0,0,0,0,0,0,0,0,0,0,0,0,1,0
47,0,0,0,1,0,0,9,0,0,0,0,0,0,0,0,0,0,0,1,0,0,0,0,0,1,0,0,0,0,0,0,0,0,1,0,0,0,0,0,0,0,0,1,0,0,0,0,0,0,0,0,0,1,1,256522,0,0,40,0,0,0,0,0,0,0,0,0,0,0,0,0,0,0,0,0,1,0
36,0,0,0,1,0,0,13,0,0,0,0,0,0,0,0,0,1,0,0,0,0,0,0,0,1,0,0,0,0,0,0,1,0,0,0,0,0,0,0,0,0,0,1,0,0,0,0,0,0,0,0,0,1,1,153078,0,0,60,0,0,0,0,0,0,0,0,0,0,0,0,0,0,0,0,0,1,1
52,0,0,0,1,0,0,9,0,0,0,0,0,0,0,0,0,0,0,1,0,0,0,0,0,1,0,0,0,0,0,1,0,0,0,0,0,0,0,0,0,0,0,1,0,0,0,0,0,0,0,0,0,1,1,185407,0,0,40,0,0,0,0,0,0,0,0,0,0,0,0,0,0,0,0,0,1,0
35,0,0,0,1,0,0,10,0,0,0,0,0,0,0,0,0,0,0,0,0,0,0,1,0,1,0,0,0,0,0,0,0,0,0,0,0,0,0,0,0,0,1,1,0,0,0,0,0,0,0,0,0,1,1,163392,0,0,40,0,0,0,0,0,0,0,0,0,0,0,0,0,0,0,0,0,1,0
34,0,0,0,1,0,0,13,0,0,0,0,0,0,0,0,0,1,0,0,0,0,0,0,0,1,0,0,0,0,0,0,0,0,0,0,0,0,1,0,0,0,0,1,0,0,0,0,0,0,0,0,0,1,1,244147,0,0,40,0,0,0,0,0,0,0,0,0,0,0,0,0,0,0,0,0,1,1
47,0,0,0,1,0,0,13,0,0,0,0,0,0,0,0,0,1,0,0,0,0,0,0,0,1,0,0,0,0,1,0,0,0,0,0,0,0,0,0,0,0,0,1,0,0,0,0,0,0,0,0,0,1,1,277545,0,0,40,0,0,0,0,0,0,0,0,0,0,0,0,0,0,0,0,0,1,1
36,0,0,0,1,0,0,13,0,0,0,0,0,0,0,0,0,1,0,0,0,0,0,0,0,1,0,0,0,0,0,0,0,0,0,0,0,0,1,0,0,0,0,1,0,0,0,0,0,0,0,0,0,1,1,153205,0,0,45,0,0,0,0,0,0,0,0,0,0,0,0,0,0,0,0,0,1,0
28,0,0,0,1,0,0,13,0,0,0,0,0,0,0,0,0,1,0,0,0,0,0,0,0,1,0,0,0,0,0,0,0,0,0,0,0,0,1,0,0,0,0,1,0,0,0,0,0,0,0,0,0,1,1,192200,0,0,40,0,0,0,0,0,0,0,0,0,0,0,0,0,0,0,0,0,1,0
41,0,0,0,1,0,0,15,0,0,0,0,0,0,0,0,0,0,0,0,0,0,1,0,0,1,0,0,0,0,1,0,0,0,0,0,0,0,0,0,0,0,0,1,0,0,0,0,0,0,0,0,0,1,1,173938,0,0,50,0,0,0,0,0,0,0,0,0,0,0,0,0,0,0,0,0,1,1
53,0,0,0,1,0,0,10,0,0,0,0,0,0,0,0,0,0,0,0,0,0,0,1,0,1,0,0,0,0,0,1,0,0,0,0,0,0,0,0,0,0,0,1,0,0,0,0,0,0,0,0,0,1,1,211654,0,0,50,0,0,0,0,0,0,0,0,0,0,0,0,0,0,0,0,0,1,1
44,0,0,0,1,0,0,13,0,0,0,0,0,0,0,0,0,1,0,0,0,0,0,0,0,1,0,0,0,0,0,0,0,0,0,0,0,0,1,0,0,0,0,1,0,0,0,0,0,0,0,0,0,1,1,180985,0,0,50,0,0,0,0,0,0,0,0,0,0,0,0,0,0,0,0,0,1,1
45,0,0,0,1,0,0,8,0,0,0,0,0,0,1,0,0,0,0,0,0,0,0,0,0,1,0,0,0,0,0,0,0,0,0,1,0,0,0,0,0,0,0,1,0,0,0,0,0,0,0,0,0,1,1,304570,0,0,40,0,0,0,0,0,0,0,0,0,0,0,0,0,0,0,0,0,1,0
64,0,0,0,1,0,0,2,1,0,0,0,0,0,0,0,0,0,0,0,0,0,0,0,0,1,0,0,0,0,0,0,0,0,0,0,0,0,0,0,0,0,1,1,0,0,0,0,0,0,0,0,0,1,1,164204,0,0,53,0,0,0,0,0,0,0,0,0,0,0,0,0,0,0,0,0,1,0
45,0,0,0,1,0,0,13,0,0,0,0,0,0,0,0,0,1,0,0,0,0,0,0,0,1,0,0,0,0,0,0,1,0,0,0,0,0,0,0,0,0,0,1,0,0,0,0,0,0,0,0,0,1,1,102096,0,0,40,0,0,0,0,0,0,0,0,0,0,0,0,0,0,0,0,0,1,1
28,0,0,0,1,0,0,10,0,0,0,0,0,0,0,0,0,0,0,0,0,0,0,1,0,1,0,0,0,0,0,0,0,0,0,0,0,0,0,0,1,0,0,1,0,0,0,0,0,0,0,0,0,1,1,309620,0,0,60,0,0,0,0,0,0,0,0,0,0,0,0,0,0,0,0,0,1,0
46,0,0,0,1,0,0,9,0,0,0,0,0,0,0,0,0,0,0,1,0,0,0,0,0,1,0,0,0,0,0,0,0,0,0,0,0,0,0,0,1,0,0,1,0,0,0,0,0,0,0,0,0,1,1,179048,0,0,35,0,0,0,0,0,0,0,0,0,0,0,0,0,0,0,0,0,1,0
35,0,0,0,1,0,0,4,0,0,1,0,0,0,0,0,0,0,0,0,0,0,0,0,0,1,0,0,0,0,0,0,0,0,0,1,0,0,0,0,0,0,0,1,0,0,0,0,0,0,0,0,0,1,1,90273,0,0,40,0,0,0,0,0,0,0,0,0,0,0,0,0,0,0,0,0,1,1
55,0,0,0,1,0,0,10,0,0,0,0,0,0,0,0,0,0,0,0,0,0,0,1,0,1,0,0,0,0,0,0,0,0,0,0,0,0,0,1,0,0,0,1,0,0,0,0,0,0,0,0,0,1,1,157079,0,0,40,0,0,0,0,0,0,0,0,0,0,0,0,0,0,0,0,0,1,1
50,0,0,0,1,0,0,3,0,1,0,0,0,0,0,0,0,0,0,0,0,0,0,0,0,1,0,0,0,0,0,0,0,0,1,0,0,0,0,0,0,0,0,1,0,0,0,0,0,0,0,0,0,1,1,128378,0,0,55,0,0,0,0,0,0,0,0,0,0,0,0,0,0,0,0,0,1,0
40,0,0,0,1,0,0,10,0,0,0,0,0,0,0,0,0,0,0,0,0,0,0,1,0,1,0,0,0,0,0,1,0,0,0,0,0,0,0,0,0,0,0,1,0,0,0,0,0,0,0,0,0,1,1,37618,0,0,40,0,0,0,0,0,0,0,0,0,0,0,0,0,0,0,0,0,1,0
41,0,0,0,1,0,0,13,0,0,0,0,0,0,0,0,0,1,0,0,0,0,0,0,0,1,0,0,0,0,0,0,1,0,0,0,0,0,0,0,0,0,0,1,0,0,0,0,0,0,0,0,0,1,1,182567,0,0,40,0,0,0,0,0,0,0,0,0,0,0,0,0,0,0,0,0,1,1
63,0,0,0,1,0,0,10,0,0,0,0,0,0,0,0,0,0,0,0,0,0,0,1,0,1,0,0,0,0,0,0,0,0,0,0,0,0,1,0,0,0,0,1,0,0,0,0,0,0,0,0,0,1,1,88653,0,0,40,0,0,0,0,0,0,0,0,0,0,0,0,0,0,0,0,0,1,0
27,0,0,0,1,0,0,13,0,0,0,0,0,0,0,0,0,1,0,0,0,0,0,0,0,1,0,0,0,0,0,0,0,0,0,0,0,0,0,0,1,0,0,1,0,0,0,0,0,0,0,0,0,1,1,269354,0,0,25,0,0,0,0,0,0,0,0,0,0,0,0,0,0,0,0,0,1,0
42,0,0,0,1,0,0,9,0,0,0,0,0,0,0,0,0,0,0,1,0,0,0,0,0,1,0,0,0,0,0,0,0,0,0,0,1,0,0,0,0,0,0,1,0,0,0,0,0,0,0,0,0,1,1,50018,0,0,40,0,0,0,0,0,0,0,0,0,0,0,0,0,0,0,0,0,1,0
32,0,0,0,1,0,0,9,0,0,0,0,0,0,0,0,0,0,0,1,0,0,0,0,0,1,0,0,0,0,0,0,0,0,0,1,0,0,0,0,0,0,0,1,0,0,0,0,0,0,0,0,0,1,1,245482,0,0,40,0,0,0,0,0,0,0,0,0,0,0,0,0,0,0,0,0,1,0
48,0,0,0,1,0,0,13,0,0,0,0,0,0,0,0,0,1,0,0,0,0,0,0,0,1,0,0,0,0,1,0,0,0,0,0,0,0,0,0,0,0,0,1,0,0,0,0,0,0,0,1,0,0,1,166929,0,0,45,0,0,0,0,0,0,0,0,0,0,0,0,0,0,0,0,0,1,1
60,0,0,0,1,0,0,10,0,0,0,0,0,0,0,0,0,0,0,0,0,0,0,1,0,1,0,0,0,0,0,0,0,0,0,0,0,0,1,0,0,0,0,1,0,0,0,0,0,0,0,0,0,1,1,216690,0,0,40,0,0,0,0,0,0,0,0,0,0,0,0,0,0,0,0,0,1,0
23,0,0,0,1,0,0,6,0,0,0,0,1,0,0,0,0,0,0,0,0,0,0,0,0,1,0,0,0,0,0,0,0,0,0,0,1,0,0,0,0,0,0,1,0,0,0,0,0,0,0,0,0,1,1,361481,0,0,40,0,0,0,0,0,0,0,0,0,0,0,0,0,0,0,0,0,1,0
41,0,0,0,1,0,0,9,0,0,0,0,0,0,0,0,0,0,0,1,0,0,0,0,0,1,0,0,0,0,0,0,0,0,0,0,0,0,0,0,0,0,1,1,0,0,0,0,0,0,0,0,0,1,1,207685,0,0,45,0,0,0,0,0,0,0,0,0,0,0,0,0,0,0,0,0,1,0
34,0,0,0,1,0,0,9,0,0,0,0,0,0,0,0,0,0,0,1,0,0,0,0,0,1,0,0,0,0,0,0,0,0,0,0,0,0,1,0,0,0,0,1,0,0,0,0,0,0,0,0,0,1,1,241360,0,0,40,0,0,0,0,0,0,0,0,0,0,0,0,0,0,0,0,0,1,0
29,0,0,0,1,0,0,11,0,0,0,0,0,0,0,0,1,0,0,0,0,0,0,0,0,1,0,0,0,0,0,0,0,0,0,0,1,0,0,0,0,0,0,1,0,0,0,0,0,0,0,0,0,1,1,394927,0,0,40,0,0,0,0,0,0,0,0,0,0,0,0,0,0,0,0,0,1,0
61,0,0,0,1,0,0,14,0,0,0,0,0,0,0,0,0,0,0,0,1,0,0,0,0,1,0,0,0,0,0,0,0,0,0,0,0,0,1,0,0,0,0,1,0,0,0,0,0,0,0,0,0,1,1,119986,0,0,40,0,0,0,0,0,0,0,0,0,0,0,0,0,0,0,0,0,1,1
38,0,0,0,1,0,0,10,0,0,0,0,0,0,0,0,0,0,0,0,0,0,0,1,0,1,0,0,0,0,0,0,0,0,0,0,0,0,1,0,0,0,0,1,0,0,0,0,0,0,0,0,0,1,1,179579,0,0,50,0,0,0,0,0,0,0,0,0,0,0,0,0,0,0,0,0,1,1
39,0,0,0,1,0,0,10,0,0,0,0,0,0,0,0,0,0,0,0,0,0,0,1,0,1,0,0,0,0,0,0,0,0,0,0,0,0,0,0,1,0,0,1,0,0,0,0,0,0,0,0,0,1,1,112158,0,0,26,0,0,0,0,0,0,0,0,0,0,0,0,0,0,0,0,0,1,0
39,0,0,0,1,0,0,9,0,0,0,0,0,0,0,0,0,0,0,1,0,0,0,0,0,1,0,0,0,0,0,0,0,0,0,1,0,0,0,0,0,0,0,1,0,0,0,0,0,0,0,0,0,1,1,137522,0,0,40,0,0,0,0,0,0,0,0,0,0,0,0,0,0,0,0,0,1,1
37,0,0,0,1,0,0,16,0,0,0,0,0,0,0,0,0,0,1,0,0,0,0,0,0,1,0,0,0,0,0,0,0,0,0,0,0,0,1,0,0,0,0,1,0,0,0,0,0,0,0,0,0,1,1,188576,0,0,40,0,0,0,0,0,0,0,0,0,0,0,0,0,0,0,0,0,1,0
59,0,0,0,1,0,0,9,0,0,0,0,0,0,0,0,0,0,0,1,0,0,0,0,0,1,0,0,0,0,0,0,0,0,0,1,0,0,0,0,0,0,0,1,0,0,0,0,0,0,0,0,0,1,1,147989,0,0,40,0,0,0,0,0,0,0,0,0,0,0,0,0,0,0,0,0,1,0
34,0,0,0,1,0,0,13,0,0,0,0,0,0,0,0,0,1,0,0,0,0,0,0,0,1,0,0,0,0,0,0,0,0,0,0,0,0,1,0,0,0,0,1,0,0,0,0,0,0,0,1,0,0,1,303187,0,0,40,0,0,0,0,0,0,0,0,0,0,0,0,0,0,0,0,0,1,1
45,0,0,0,1,0,0,7,0,0,0,0,0,1,0,0,0,0,0,0,0,0,0,0,0,1,0,0,0,0,0,1,0,0,0,0,0,0,0,0,0,0,0,1,0,0,0,0,0,0,0,0,0,1,1,274657,0,0,40,0,0,0,0,0,0,0,0,0,0,0,0,0,0,0,0,0,1,0
35,0,0,0,1,0,0,10,0,0,0,0,0,0,0,0,0,0,0,0,0,0,0,1,0,1,0,0,0,0,0,0,0,0,0,0,0,0,0,1,0,0,0,1,0,0,0,0,0,0,0,1,0,0,1,152734,0,0,40,0,0,0,0,0,0,0,0,0,0,0,0,0,0,0,0,0,1,0
28,0,0,0,1,0,0,10,0,0,0,0,0,0,0,0,0,0,0,0,0,0,0,1,0,1,0,0,0,0,0,0,0,0,0,0,0,0,0,0,1,0,0,1,0,0,0,0,0,0,0,0,0,1,1,224506,0,0,40,0,0,0,0,0,0,0,0,0,0,0,0,0,0,0,0,0,1,0
63,0,0,0,1,0,0,9,0,0,0,0,0,0,0,0,0,0,0,1,0,0,0,0,0,1,0,0,0,0,0,0,0,0,1,0,0,0,0,0,0,0,0,1,0,0,0,0,0,0,0,0,0,1,1,225102,0,0,40,0,0,0,0,0,0,0,0,0,0,0,0,0,0,0,0,0,1,0
38,0,0,0,1,0,0,14,0,0,0,0,0,0,0,0,0,0,0,0,1,0,0,0,0,1,0,0,0,0,0,0,1,0,0,0,0,0,0,0,0,0,0,1,0,0,0,0,0,0,0,0,0,1,1,154568,0,0,40,0,0,0,0,0,0,0,0,0,0,0,0,0,0,0,0,0,1,0
37,0,0,0,1,0,0,3,0,1,0,0,0,0,0,0,0,0,0,0,0,0,0,0,0,1,0,0,0,0,0,0,0,0,0,0,1,0,0,0,0,0,0,1,0,0,0,0,0,0,0,0,0,1,1,82283,0,0,40,0,0,0,0,0,0,0,0,0,0,0,0,0,0,0,0,0,1,0
59,0,0,0,1,0,0,9,0,0,0,0,0,0,0,0,0,0,0,1,0,0,0,0,0,1,0,0,0,0,0,1,0,0,0,0,0,0,0,0,0,0,0,1,0,0,0,0,0,0,0,0,0,1,1,424468,0,0,40,0,0,0,0,0,0,0,0,0,0,0,0,0,0,0,0,0,1,0
45,0,0,0,1,0,0,13,0,0,0,0,0,0,0,0,0,1,0,0,0,0,0,0,0,1,0,0,0,0,0,0,0,0,0,0,1,0,0,0,0,0,0,1,0,0,0,0,0,0,0,0,0,1,1,480717,0,0,38,0,0,0,0,0,0,0,0,0,0,0,0,0,0,0,0,0,1,0
38,0,0,0,1,0,0,11,0,0,0,0,0,0,0,0,1,0,0,0,0,0,0,0,0,1,0,0,0,0,0,1,0,0,0,0,0,0,0,0,0,0,0,1,0,0,0,0,0,0,0,0,0,1,1,220237,0,0,40,0,0,0,0,0,0,0,0,0,0,0,0,0,0,0,0,0,1,1
35,0,0,0,1,0,0,3,0,1,0,0,0,0,0,0,0,0,0,0,0,0,0,0,0,1,0,0,0,0,0,0,0,0,0,1,0,0,0,0,0,0,0,1,0,0,0,0,0,0,0,0,0,1,1,187415,0,0,50,0,0,0,0,0,0,0,0,0,0,0,0,0,0,0,0,0,1,0
56,0,0,0,1,0,0,14,0,0,0,0,0,0,0,0,0,0,0,0,1,0,0,0,0,1,0,0,0,0,0,0,0,0,0,0,0,0,1,0,0,0,0,1,0,0,0,0,0,0,0,1,0,0,1,98361,0,0,40,0,0,0,0,0,0,0,0,0,0,0,0,0,0,0,0,0,1,1
26,0,0,0,1,0,0,13,0,0,0,0,0,0,0,0,0,1,0,0,0,0,0,0,0,1,0,0,0,0,0,0,0,0,0,0,0,0,1,0,0,0,0,1,0,0,0,0,0,0,0,0,0,1,1,239303,0,0,50,0,0,0,0,0,0,0,0,0,0,0,0,0,0,0,0,0,1,0
38,0,0,0,1,0,0,13,0,0,0,0,0,0,0,0,0,1,0,0,0,0,0,0,0,1,0,0,0,0,0,0,1,0,0,0,0,0,0,0,0,0,0,1,0,0,0,0,0,0,0,0,0,1,1,81232,0,0,40,0,0,0,0,0,0,0,0,0,0,0,0,0,0,0,0,0,1,1
42,0,0,0,1,0,0,9,0,0,0,0,0,0,0,0,0,0,0,1,0,0,0,0,0,1,0,0,0,0,0,1,0,0,0,0,0,0,0,0,0,0,0,1,0,0,0,0,0,0,0,0,0,1,1,236021,0,0,40,0,0,0,0,0,0,0,0,0,0,0,0,0,0,0,0,0,1,1
63,0,0,0,1,0,0,9,0,0,0,0,0,0,0,0,0,0,0,1,0,0,0,0,0,1,0,0,0,0,0,0,0,0,0,0,0,0,0,0,1,0,0,1,0,0,0,0,0,0,0,0,0,1,1,181828,0,0,48,0,0,0,0,0,0,0,0,0,0,0,0,0,0,0,0,0,1,0
22,0,0,0,1,0,0,13,0,0,0,0,0,0,0,0,0,1,0,0,0,0,0,0,0,1,0,0,0,0,0,0,0,0,0,1,0,0,0,0,0,0,0,1,0,0,0,0,0,0,0,0,0,1,1,253799,0,0,45,0,0,0,0,0,0,0,0,0,0,0,0,0,0,0,0,0,1,0
52,0,0,0,1,0,0,13,0,0,0,0,0,0,0,0,0,1,0,0,0,0,0,0,0,1,0,0,0,0,0,0,1,0,0,0,0,0,0,0,0,0,0,1,0,0,0,0,0,0,0,0,0,1,1,266138,0,0,40,0,0,0,0,0,0,0,0,0,0,0,0,0,0,0,0,0,1,1
56,0,0,0,1,0,0,3,0,1,0,0,0,0,0,0,0,0,0,0,0,0,0,0,0,1,0,0,0,0,0,0,0,0,0,0,1,0,0,0,0,0,0,1,0,0,0,0,0,0,0,0,0,1,1,251836,0,0,40,0,0,0,0,0,0,0,0,0,0,0,0,0,0,0,0,0,1,0
45,0,0,0,1,0,0,13,0,0,0,0,0,0,0,0,0,1,0,0,0,0,0,0,0,1,0,0,0,0,0,0,1,0,0,0,0,0,0,0,0,0,0,1,0,0,0,0,0,0,0,0,0,1,1,199058,0,0,48,0,0,0,0,0,0,0,0,0,0,0,0,0,0,0,0,0,1,0
35,0,0,0,1,0,0,14,0,0,0,0,0,0,0,0,0,0,0,0,1,0,0,0,0,1,0,0,0,0,0,0,0,0,0,0,0,0,1,0,0,0,0,1,0,0,0,0,0,0,0,0,0,1,1,186126,0,0,38,0,0,0,0,0,0,0,0,0,0,0,0,0,0,0,0,0,1,0
52,0,0,0,1,0,0,16,0,0,0,0,0,0,0,0,0,0,1,0,0,0,0,0,0,1,0,0,0,0,0,0,0,0,0,0,0,0,1,0,0,0,0,1,0,0,0,0,0,0,0,0,0,1,1,178983,0,0,40,0,0,0,0,0,0,0,0,0,0,0,0,0,0,0,0,0,1,1
29,0,0,0,1,0,0,2,1,0,0,0,0,0,0,0,0,0,0,0,0,0,0,0,0,1,0,0,0,0,0,0,0,0,0,0,1,0,0,0,0,0,0,1,0,0,0,0,0,0,0,0,0,1,1,113870,0,0,40,0,0,0,0,0,0,0,0,0,0,0,0,0,0,0,0,0,1,0
25,0,0,0,1,0,0,13,0,0,0,0,0,0,0,0,0,1,0,0,0,0,0,0,0,1,0,0,0,0,0,0,0,0,0,0,0,0,1,0,0,0,0,1,0,0,0,0,0,0,0,0,0,1,1,164488,0,0,40,0,0,0,0,0,0,0,0,0,0,0,0,0,0,0,0,0,1,0
26,0,0,0,1,0,0,10,0,0,0,0,0,0,0,0,0,0,0,0,0,0,0,1,0,1,0,0,0,0,0,0,0,0,0,0,0,0,0,0,1,0,0,1,0,0,0,0,0,0,0,0,0,1,1,359327,0,0,50,0,0,0,0,0,0,0,0,0,0,0,0,0,0,0,0,0,1,0
90,0,0,0,1,0,0,13,0,0,0,0,0,0,0,0,0,1,0,0,0,0,0,0,0,1,0,0,0,0,0,0,0,0,0,0,0,0,0,0,1,0,0,1,0,0,0,0,0,0,0,0,0,1,1,311184,0,0,20,0,0,0,0,0,0,0,0,0,0,0,0,0,0,0,0,0,1,0
44,0,0,0,1,0,0,15,0,0,0,0,0,0,0,0,0,0,0,0,0,0,1,0,0,1,0,0,0,0,0,0,0,0,0,1,0,0,0,0,0,0,0,1,0,0,0,0,0,0,0,0,0,1,1,237993,0,0,45,0,0,0,0,0,0,0,0,0,0,0,0,0,0,0,0,0,1,0
41,0,0,0,1,0,0,8,0,0,0,0,0,0,1,0,0,0,0,0,0,0,0,0,0,1,0,0,0,0,0,0,0,0,0,0,0,0,0,1,0,0,0,1,0,0,0,0,0,0,0,0,0,1,1,203943,0,0,40,0,0,0,0,0,0,0,0,0,0,0,0,0,0,0,0,0,1,0
34,0,0,0,1,0,0,13,0,0,0,0,0,0,0,0,0,1,0,0,0,0,0,0,0,1,0,0,0,0,0,0,1,0,0,0,0,0,0,0,0,0,0,1,0,0,0,0,0,0,0,0,0,1,1,317809,0,0,50,0,0,0,0,0,0,0,0,0,0,0,0,0,0,0,0,0,1,1
63,0,0,0,1,0,0,13,0,0,0,0,0,0,0,0,0,1,0,0,0,0,0,0,0,1,0,0,0,0,0,1,0,0,0,0,0,0,0,0,0,0,0,1,0,0,0,0,0,0,0,0,0,1,1,221072,0,0,49,0,0,0,0,0,0,0,0,0,0,0,0,0,0,0,0,0,1,0
36,0,0,0,1,0,0,15,0,0,0,0,0,0,0,0,0,0,0,0,0,0,1,0,0,1,0,0,0,0,0,0,0,0,0,0,0,0,1,0,0,0,0,1,0,0,0,0,0,0,0,1,0,0,1,150601,0,0,50,0,0,0,0,0,0,0,0,0,0,0,0,0,0,0,0,0,1,0
56,0,0,0,1,0,0,10,0,0,0,0,0,0,0,0,0,0,0,0,0,0,0,1,0,1,0,0,0,0,0,0,0,0,0,0,0,0,0,0,0,0,1,1,0,0,0,0,0,0,0,0,0,1,1,215839,0,0,60,0,0,0,0,0,0,0,0,0,0,0,0,0,0,0,0,0,1,0
63,0,0,0,1,0,0,13,0,0,0,0,0,0,0,0,0,1,0,0,0,0,0,0,0,1,0,0,0,0,0,0,0,0,0,0,0,0,1,0,0,0,0,1,0,0,0,0,0,0,0,0,0,1,1,339755,0,0,50,0,0,0,0,0,0,0,0,0,0,0,0,0,0,0,0,0,1,1
47,0,0,0,1,0,0,5,0,0,0,1,0,0,0,0,0,0,0,0,0,0,0,0,0,1,0,0,0,0,0,0,0,0,0,1,0,0,0,0,0,0,0,1,0,0,0,0,0,0,0,0,0,1,1,209212,0,0,56,0,0,0,0,0,0,0,0,0,0,0,0,0,0,0,0,0,1,0
37,0,0,0,1,0,0,9,0,0,0,0,0,0,0,0,0,0,0,1,0,0,0,0,0,1,0,0,0,0,0,0,0,0,0,0,0,0,0,0,0,0,1,1,0,0,0,0,0,0,0,0,0,1,1,245482,0,0,40,0,0,0,0,0,0,0,0,0,0,0,0,0,0,0,0,0,1,0
34,0,0,0,1,0,0,9,0,0,0,0,0,0,0,0,0,0,0,1,0,0,0,0,0,1,0,0,0,0,0,0,0,0,0,0,1,0,0,0,0,0,0,1,0,0,0,0,0,0,0,0,0,1,1,609789,0,0,30,0,0,0,0,0,0,0,0,0,0,0,0,0,0,0,0,0,1,0
39,0,0,0,1,0,0,14,0,0,0,0,0,0,0,0,0,0,0,0,1,0,0,0,0,1,0,0,0,0,0,0,0,0,0,0,0,0,1,0,0,0,0,1,0,0,0,0,0,0,0,0,0,1,1,99146,0,0,40,0,0,0,0,0,0,0,0,0,0,0,0,0,0,0,0,0,1,1
47,0,0,0,1,0,0,14,0,0,0,0,0,0,0,0,0,0,0,0,1,0,0,0,0,1,0,0,0,0,0,0,0,0,0,0,0,0,1,0,0,0,0,1,0,0,0,0,0,0,0,0,0,1,1,202812,0,0,40,0,0,0,0,0,0,0,0,0,0,0,0,0,0,0,0,0,1,1
42,0,0,0,1,0,0,8,0,0,0,0,0,0,1,0,0,0,0,0,0,0,0,0,0,1,0,0,0,0,0,1,0,0,0,0,0,0,0,0,0,0,0,1,0,0,0,0,0,0,0,1,0,0,1,337629,0,0,60,0,0,0,0,0,0,0,0,0,0,0,0,0,0,0,0,0,1,1
49,0,0,0,1,0,0,1,0,0,0,0,0,0,0,0,0,0,0,0,0,1,0,0,0,1,0,0,0,0,0,0,0,0,0,0,1,0,0,0,0,0,0,1,0,0,0,0,0,0,0,0,0,1,1,149809,0,0,40,0,0,0,0,0,0,0,0,0,0,0,0,0,0,0,0,0,1,0
56,0,0,0,1,0,0,6,0,0,0,0,1,0,0,0,0,0,0,0,0,0,0,0,0,1,0,0,0,0,0,1,0,0,0,0,0,0,0,0,0,0,0,1,0,0,0,0,0,0,0,0,0,1,1,165315,0,0,70,0,0,0,0,0,0,0,0,0,0,0,0,0,0,0,0,0,1,0
44,0,0,0,1,0,0,9,0,0,0,0,0,0,0,0,0,0,0,1,0,0,0,0,0,1,0,0,0,0,0,1,0,0,0,0,0,0,0,0,0,0,0,1,0,0,0,0,0,0,0,0,0,1,1,228729,0,0,40,0,0,0,0,0,0,0,0,0,0,0,0,0,0,0,0,0,1,0
33,0,0,0,1,0,0,9,0,0,0,0,0,0,0,0,0,0,0,1,0,0,0,0,0,1,0,0,0,0,0,0,0,0,0,0,0,0,0,0,0,0,1,1,0,0,0,0,0,0,0,0,0,1,1,112847,0,0,40,0,0,0,0,0,0,0,0,0,0,0,0,0,0,0,0,0,1,0
34,0,0,0,1,0,0,7,0,0,0,0,0,1,0,0,0,0,0,0,0,0,0,0,0,1,0,0,0,0,0,0,0,0,0,0,0,0,0,0,1,0,0,1,0,0,0,0,0,0,0,0,0,1,1,198613,0,0,25,0,0,0,0,0,0,0,0,0,0,0,0,0,0,0,0,0,1,0
43,0,0,0,1,0,0,9,0,0,0,0,0,0,0,0,0,0,0,1,0,0,0,0,0,1,0,0,0,0,0,0,0,0,0,1,0,0,0,0,0,0,0,1,0,0,0,0,0,0,0,0,0,1,1,244172,0,0,35,0,0,0,0,0,0,0,0,0,0,0,0,0,0,0,0,0,1,0
38,0,0,0,1,0,0,14,0,0,0,0,0,0,0,0,0,0,0,0,1,0,0,0,0,1,0,0,0,0,0,0,1,0,0,0,0,0,0,0,0,0,0,1,0,0,0,0,0,0,0,0,0,1,1,103408,0,0,40,0,0,0,0,0,0,0,0,0,0,0,0,0,0,0,0,0,1,0
36,0,0,0,1,0,0,10,0,0,0,0,0,0,0,0,0,0,0,0,0,0,0,1,0,1,0,0,0,0,0,1,0,0,0,0,0,0,0,0,0,0,0,1,0,0,0,0,0,0,0,0,0,1,1,361888,0,0,40,0,0,0,0,0,0,0,0,0,0,0,0,0,0,0,0,0,1,1
33,0,0,0,1,0,0,13,0,0,0,0,0,0,0,0,0,1,0,0,0,0,0,0,0,1,0,0,0,0,0,0,1,0,0,0,0,0,0,0,0,0,0,1,0,0,0,0,0,0,0,0,0,1,1,578701,0,0,40,0,0,0,0,0,0,0,0,0,0,0,0,0,0,0,0,0,1,0
37,0,0,0,1,0,0,9,0,0,0,0,0,0,0,0,0,0,0,1,0,0,0,0,0,1,0,0,0,0,0,0,0,0,0,0,1,0,0,0,0,0,0,1,0,0,0,0,0,0,0,0,0,1,1,186191,0,0,45,0,0,0,0,0,0,0,0,0,0,0,0,0,0,0,0,0,1,0
51,0,0,0,1,0,0,10,0,0,0,0,0,0,0,0,0,0,0,0,0,0,0,1,0,1,0,0,0,0,0,0,0,0,0,0,0,0,0,0,1,0,0,1,0,0,0,0,0,0,0,0,0,1,1,178054,0,0,40,0,0,0,0,0,0,0,0,0,0,0,0,0,0,0,0,0,1,1
39,0,0,0,1,0,0,13,0,0,0,0,0,0,0,0,0,1,0,0,0,0,0,0,0,1,0,0,0,0,0,0,0,0,0,1,0,0,0,0,0,0,0,1,0,0,0,0,0,0,0,0,0,1,1,188069,0,0,40,0,0,0,0,0,0,0,0,0,0,0,0,0,0,0,0,0,1,0
28,0,0,0,1,0,0,8,0,0,0,0,0,0,1,0,0,0,0,0,0,0,0,0,0,1,0,0,0,0,0,0,0,0,0,0,0,0,1,0,0,0,0,1,0,0,0,0,0,0,0,0,0,1,1,373698,0,0,45,0,0,0,0,0,0,0,0,0,0,0,0,0,0,0,0,0,1,0
47,0,0,0,1,0,0,11,0,0,0,0,0,0,0,0,1,0,0,0,0,0,0,0,0,1,0,0,0,0,0,1,0,0,0,0,0,0,0,0,0,0,0,1,0,0,0,0,0,0,0,0,0,1,1,267205,0,0,60,0,0,0,0,0,0,0,0,0,0,0,0,0,0,0,0,0,1,1
41,0,0,0,1,0,0,9,0,0,0,0,0,0,0,0,0,0,0,1,0,0,0,0,0,1,0,0,0,0,0,0,0,0,0,0,0,0,0,0,0,1,0,1,0,0,0,0,0,0,0,0,0,1,1,185145,0,0,45,0,0,0,0,0,0,0,0,0,0,0,0,0,0,0,0,0,1,1
68,0,0,0,1,0,0,14,0,0,0,0,0,0,0,0,0,0,0,0,1,0,0,0,0,1,0,0,0,0,0,0,0,0,0,0,0,0,1,0,0,0,0,1,0,0,0,0,0,0,0,0,0,1,1,208478,0,0,18,0,0,0,0,0,0,0,0,0,0,0,0,0,0,0,0,0,1,0
37,0,0,0,1,0,0,10,0,0,0,0,0,0,0,0,0,0,0,0,0,0,0,1,0,1,0,0,0,0,0,1,0,0,0,0,0,0,0,0,0,0,0,1,0,0,0,0,0,0,0,0,0,1,1,154571,0,0,40,0,0,0,0,0,0,0,0,0,0,0,0,0,0,0,0,0,1,0
38,0,0,0,1,0,0,14,0,0,0,0,0,0,0,0,0,0,0,0,1,0,0,0,0,1,0,0,0,0,0,0,0,0,0,0,0,0,1,0,0,0,0,1,0,0,0,0,0,0,0,0,0,1,1,320451,0,0,40,0,0,0,0,0,0,0,0,0,0,0,0,0,0,0,0,0,1,0
47,0,0,0,1,0,0,15,0,0,0,0,0,0,0,0,0,0,0,0,0,0,1,0,0,1,0,0,0,0,0,0,0,0,0,0,0,0,1,0,0,0,0,1,0,0,0,0,0,0,0,0,0,1,1,185866,0,0,60,0,0,0,0,0,0,0,0,0,0,0,0,0,0,0,0,0,1,1
41,0,0,0,1,0,0,9,0,0,0,0,0,0,0,0,0,0,0,1,0,0,0,0,0,1,0,0,0,0,0,0,0,0,1,0,0,0,0,0,0,0,0,1,0,0,0,0,0,0,0,0,0,1,1,90021,0,0,40,0,0,0,0,0,0,0,0,0,0,0,0,0,0,0,0,0,1,0
41,0,0,0,1,0,0,4,0,0,1,0,0,0,0,0,0,0,0,0,0,0,0,0,0,1,0,0,0,0,0,1,0,0,0,0,0,0,0,0,0,0,0,1,0,0,0,0,0,0,0,0,0,1,1,43945,0,0,40,0,0,0,0,0,0,0,0,0,0,0,0,0,0,0,0,0,1,0
42,0,0,0,1,0,0,14,0,0,0,0,0,0,0,0,0,0,0,0,1,0,0,0,0,1,0,0,0,0,0,0,0,0,0,0,0,0,0,0,1,0,0,1,0,0,0,0,0,0,0,0,0,1,1,92288,0,0,40,0,0,0,0,0,0,0,0,0,0,0,0,0,0,0,0,0,1,0
27,0,0,0,1,0,0,9,0,0,0,0,0,0,0,0,0,0,0,1,0,0,0,0,0,1,0,0,0,0,0,1,0,0,0,0,0,0,0,0,0,0,0,1,0,0,0,0,0,0,0,0,0,1,1,405765,0,0,40,0,0,0,0,0,0,0,0,0,0,0,0,0,0,0,0,0,1,1
44,0,0,0,1,0,0,9,0,0,0,0,0,0,0,0,0,0,0,1,0,0,0,0,0,1,0,0,0,0,0,0,0,0,1,0,0,0,0,0,0,0,0,1,0,0,0,0,0,0,0,0,0,1,1,261497,0,0,40,0,0,0,0,0,0,0,0,0,0,0,0,0,0,0,0,0,1,0
27,0,0,0,1,0,0,10,0,0,0,0,0,0,0,0,0,0,0,0,0,0,0,1,0,1,0,0,0,0,0,1,0,0,0,0,0,0,0,0,0,0,0,1,0,0,0,0,0,0,0,0,0,1,1,119793,0,0,55,0,0,0,0,0,0,0,0,0,0,0,0,0,0,0,0,0,1,0
23,0,0,0,1,0,0,9,0,0,0,0,0,0,0,0,0,0,0,1,0,0,0,0,0,1,0,0,0,0,0,0,0,0,1,0,0,0,0,0,0,0,0,1,0,0,0,0,0,0,0,0,0,1,1,386337,0,0,40,0,0,0,0,0,0,0,0,0,0,0,0,0,0,0,0,0,1,0
39,0,0,0,1,0,0,9,0,0,0,0,0,0,0,0,0,0,0,1,0,0,0,0,0,1,0,0,0,0,0,0,0,0,0,0,0,0,0,0,1,0,0,1,0,0,0,0,0,0,0,0,0,1,1,163392,0,0,26,0,0,0,0,0,0,0,0,0,0,0,0,0,0,0,0,0,1,0
41,0,0,0,1,0,0,13,0,0,0,0,0,0,0,0,0,1,0,0,0,0,0,0,0,1,0,0,0,0,0,0,0,0,0,1,0,0,0,0,0,0,0,1,0,0,0,0,0,0,0,0,0,1,1,67339,0,0,40,0,0,0,0,0,0,0,0,0,0,0,0,0,0,0,0,0,1,0
35,0,0,0,1,0,0,13,0,0,0,0,0,0,0,0,0,1,0,0,0,0,0,0,0,1,0,0,0,0,0,0,1,0,0,0,0,0,0,0,0,0,0,1,0,0,0,0,0,0,0,0,0,1,1,198341,0,0,40,0,0,0,0,0,0,0,0,0,0,0,0,0,0,0,0,0,1,0
50,0,0,0,1,0,0,13,0,0,0,0,0,0,0,0,0,1,0,0,0,0,0,0,0,1,0,0,0,0,0,1,0,0,0,0,0,0,0,0,0,0,0,1,0,0,0,0,0,0,0,0,0,1,1,196193,0,0,40,0,0,0,0,0,0,0,0,0,0,0,0,0,0,0,0,0,1,0
46,0,0,0,1,0,0,10,0,0,0,0,0,0,0,0,0,0,0,0,0,0,0,1,0,1,0,0,0,0,0,0,1,0,0,0,0,0,0,0,0,0,0,1,0,0,0,0,0,0,0,0,0,1,1,149161,0,0,60,0,0,0,0,0,0,0,0,0,0,0,0,0,0,0,0,0,1,0
57,0,0,0,1,0,0,13,0,0,0,0,0,0,0,0,0,1,0,0,0,0,0,0,0,1,0,0,0,0,0,0,1,0,0,0,0,0,0,0,0,0,0,1,0,0,0,0,0,0,0,0,0,1,1,165695,0,0,40,0,0,0,0,0,0,0,0,0,0,0,0,0,0,0,0,0,1,1
46,0,0,0,1,0,0,14,0,0,0,0,0,0,0,0,0,0,0,0,1,0,0,0,0,1,0,0,0,0,0,0,1,0,0,0,0,0,0,0,0,0,0,1,0,0,0,0,0,0,0,1,0,0,1,268022,0,0,55,0,0,0,0,0,0,0,0,0,0,0,0,0,0,0,0,0,1,1
37,0,0,0,1,0,0,13,0,0,0,0,0,0,0,0,0,1,0,0,0,0,0,0,0,1,0,0,0,0,0,0,0,0,0,0,0,0,1,0,0,0,0,1,0,0,0,0,0,0,0,0,0,1,1,292370,0,0,50,0,0,0,0,0,0,0,0,0,0,0,0,0,0,0,0,0,1,1
46,0,0,0,1,0,0,13,0,0,0,0,0,0,0,0,0,1,0,0,0,0,0,0,0,1,0,0,0,0,0,0,0,0,0,0,0,0,0,0,0,0,1,1,0,0,0,0,0,0,0,0,0,1,1,195833,0,0,50,0,0,0,0,0,0,0,0,0,0,0,0,0,0,0,0,0,1,0
50,0,0,0,1,0,0,13,0,0,0,0,0,0,0,0,0,1,0,0,0,0,0,0,0,1,0,0,0,0,0,0,1,0,0,0,0,0,0,0,0,0,0,1,0,0,0,0,0,0,0,0,0,1,1,176227,0,0,40,0,0,0,0,0,0,0,0,0,0,0,0,0,0,0,0,0,1,1
60,0,0,0,1,0,0,3,0,1,0,0,0,0,0,0,0,0,0,0,0,0,0,0,0,1,0,0,0,0,0,0,0,0,0,0,0,0,0,0,1,0,0,1,0,0,0,0,0,1,0,0,0,0,1,188650,0,0,40,0,0,0,0,0,0,0,0,0,0,0,0,0,0,0,0,0,1,1
50,0,0,0,1,0,0,16,0,0,0,0,0,0,0,0,0,0,1,0,0,0,0,0,0,1,0,0,0,0,0,0,0,0,0,0,0,0,1,0,0,0,0,1,0,0,0,0,0,0,0,0,0,1,1,123174,0,0,37,0,0,0,0,0,0,0,0,0,0,0,0,0,0,0,0,0,1,1
38,0,0,0,1,0,0,13,0,0,0,0,0,0,0,0,0,1,0,0,0,0,0,0,0,1,0,0,0,0,0,0,1,0,0,0,0,0,0,0,0,0,0,1,0,0,0,0,0,0,0,0,0,1,1,125933,0,0,40,0,0,0,0,0,0,0,0,0,0,0,0,0,0,0,0,0,1,1
41,0,0,0,1,0,0,13,0,0,0,0,0,0,0,0,0,1,0,0,0,0,0,0,0,1,0,0,0,0,0,1,0,0,0,0,0,0,0,0,0,0,0,1,0,0,0,0,0,0,0,0,0,1,1,169104,0,0,40,0,0,0,0,0,0,0,0,0,0,0,0,0,0,0,0,0,1,1
47,0,0,0,1,0,0,10,0,0,0,0,0,0,0,0,0,0,0,0,0,0,0,1,0,1,0,0,0,0,0,1,0,0,0,0,0,0,0,0,0,0,0,1,0,0,0,0,0,0,0,1,0,0,1,228583,0,0,40,0,0,0,0,0,0,0,0,0,0,0,0,0,0,0,0,0,1,0
46,0,0,0,1,0,0,13,0,0,0,0,0,0,0,0,0,1,0,0,0,0,0,0,0,1,0,0,0,0,0,0,0,0,0,0,0,0,1,0,0,0,0,1,0,0,0,0,0,0,0,0,0,1,1,213140,0,0,40,0,0,0,0,0,0,0,0,0,0,0,0,0,0,0,0,0,1,1
40,0,0,0,1,0,0,8,0,0,0,0,0,0,1,0,0,0,0,0,0,0,0,0,0,1,0,0,0,0,0,0,0,0,0,0,1,0,0,0,0,0,0,1,0,0,0,0,0,0,0,0,0,1,1,373050,0,0,40,0,0,0,0,0,0,0,0,0,0,0,0,0,0,0,0,0,1,0
28,0,0,0,1,0,0,13,0,0,0,0,0,0,0,0,0,1,0,0,0,0,0,0,0,1,0,0,0,0,1,0,0,0,0,0,0,0,0,0,0,0,0,1,0,0,0,0,0,0,0,0,0,1,1,213152,0,0,40,0,0,0,0,0,0,0,0,0,0,0,0,0,0,0,0,0,1,1
29,0,0,0,1,0,0,10,0,0,0,0,0,0,0,0,0,0,0,0,0,0,0,1,0,1,0,0,0,0,0,0,0,0,1,0,0,0,0,0,0,0,0,1,0,0,0,0,0,0,0,0,0,1,1,368949,0,0,40,0,0,0,0,0,0,0,0,0,0,0,0,0,0,0,0,0,1,1
34,0,0,0,1,0,0,9,0,0,0,0,0,0,0,0,0,0,0,1,0,0,0,0,0,1,0,0,0,0,0,0,0,0,0,1,0,0,0,0,0,0,0,1,0,0,0,0,0,0,0,0,0,1,1,209213,0,0,40,0,0,0,0,0,0,0,0,0,0,0,0,0,0,0,0,0,1,0
41,0,0,0,1,0,0,4,0,0,1,0,0,0,0,0,0,0,0,0,0,0,0,0,0,1,0,0,0,0,0,0,0,0,0,0,1,0,0,0,0,0,0,1,0,0,0,0,0,0,0,0,0,1,1,192779,0,0,40,0,0,0,0,0,0,0,0,0,0,0,0,0,0,0,0,0,1,0
39,0,0,0,1,0,0,13,0,0,0,0,0,0,0,0,0,1,0,0,0,0,0,0,0,1,0,0,0,0,0,0,0,0,0,0,0,0,1,0,0,0,0,1,0,0,0,0,0,0,0,0,0,1,1,175681,0,0,60,0,0,0,0,0,0,0,0,0,0,0,0,0,0,0,0,0,1,0
29,0,0,0,1,0,0,3,0,1,0,0,0,0,0,0,0,0,0,0,0,0,0,0,0,1,0,0,0,0,0,0,0,0,0,1,0,0,0,0,0,0,0,1,0,0,0,0,0,0,0,1,0,0,1,112403,0,0,40,0,0,0,0,0,0,0,0,0,0,0,0,0,0,0,0,0,1,0
45,0,0,0,1,0,0,3,0,1,0,0,0,0,0,0,0,0,0,0,0,0,0,0,0,1,0,0,0,0,0,0,0,0,0,1,0,0,0,0,0,0,0,1,0,0,0,0,0,0,0,0,0,1,1,199590,0,0,40,0,0,0,0,0,0,0,0,0,0,0,0,0,0,0,0,0,1,0
39,0,0,0,1,0,0,9,0,0,0,0,0,0,0,0,0,0,0,1,0,0,0,0,0,1,0,0,0,0,0,0,0,0,0,0,0,0,1,0,0,0,0,1,0,0,0,0,0,0,0,0,0,1,1,107302,0,0,45,0,0,0,0,0,0,0,0,0,0,0,0,0,0,0,0,0,1,1
33,0,0,0,0,1,0,10,0,0,0,0,0,0,0,0,0,0,0,0,0,0,0,1,0,1,0,0,0,0,0,1,0,0,0,0,0,0,0,0,0,0,0,1,0,0,0,0,0,0,0,0,0,1,1,155781,0,0,60,0,0,0,0,0,0,0,0,0,0,0,0,0,0,0,0,0,1,0
55,0,0,0,0,1,0,15,0,0,0,0,0,0,0,0,0,0,0,0,0,0,1,0,0,1,0,0,0,0,0,0,1,0,0,0,0,0,0,0,0,0,0,1,0,0,0,0,0,0,0,0,0,1,1,183869,0,0,50,0,0,0,0,0,0,0,0,0,0,0,0,0,0,0,0,0,1,1
34,0,0,0,0,1,0,9,0,0,0,0,0,0,0,0,0,0,0,1,0,0,0,0,0,1,0,0,0,0,0,1,0,0,0,0,0,0,0,0,0,0,0,1,0,0,0,0,0,0,0,0,0,1,1,207668,0,0,54,0,0,0,0,0,0,0,0,0,0,0,0,0,0,0,0,0,1,1
44,0,0,0,0,1,0,9,0,0,0,0,0,0,0,0,0,0,0,1,0,0,0,0,0,1,0,0,0,0,0,0,0,0,0,0,0,0,0,0,0,0,1,1,0,0,0,0,0,0,0,0,0,1,1,195124,0,0,60,0,0,0,0,0,0,0,0,0,0,0,0,0,0,0,0,0,1,0
40,0,0,0,0,1,0,13,0,0,0,0,0,0,0,0,0,1,0,0,0,0,0,0,0,1,0,0,0,0,0,0,0,0,0,0,0,0,0,0,1,0,0,1,0,0,0,0,0,0,0,0,0,1,1,190290,0,0,40,0,0,0,0,0,0,0,0,0,0,0,0,0,0,0,0,0,1,1
54,0,0,0,0,1,0,16,0,0,0,0,0,0,0,0,0,0,1,0,0,0,0,0,0,1,0,0,0,0,0,0,0,0,0,0,0,0,1,0,0,0,0,1,0,0,0,0,0,0,0,0,0,1,1,99185,0,0,50,0,0,0,0,0,0,0,0,0,0,0,0,0,0,0,0,0,1,1
45,0,0,0,0,1,0,3,0,1,0,0,0,0,0,0,0,0,0,0,0,0,0,0,0,1,0,0,0,0,0,1,0,0,0,0,0,0,0,0,0,0,0,1,0,0,0,0,0,0,0,0,0,1,1,155664,0,0,40,0,0,0,0,0,0,0,0,0,0,0,0,0,0,0,0,0,1,1
41,0,0,0,0,1,0,13,0,0,0,0,0,0,0,0,0,1,0,0,0,0,0,0,0,1,0,0,0,0,0,0,1,0,0,0,0,0,0,0,0,0,0,1,0,0,0,0,0,0,0,0,0,1,1,397280,0,0,72,0,0,0,0,0,0,0,0,0,0,0,0,0,0,0,0,0,1,0
42,0,0,0,0,1,0,2,1,0,0,0,0,0,0,0,0,0,0,0,0,0,0,0,0,1,0,0,0,0,0,0,0,0,0,0,0,0,0,0,1,0,0,1,0,0,0,0,0,0,0,0,0,1,1,125846,0,0,60,0,0,0,0,0,0,0,0,0,0,0,0,0,0,0,0,0,1,0
45,0,0,0,0,1,0,4,0,0,1,0,0,0,0,0,0,0,0,0,0,0,0,0,0,1,0,0,0,0,0,0,1,0,0,0,0,0,0,0,0,0,0,1,0,0,0,0,0,0,0,0,0,1,1,120131,0,0,52,0,0,0,0,0,0,0,0,0,0,0,0,0,0,0,0,0,1,0
44,0,0,0,0,1,0,13,0,0,0,0,0,0,0,0,0,1,0,0,0,0,0,0,0,1,0,0,0,0,0,0,0,0,0,0,0,0,0,0,1,0,0,1,0,0,0,0,0,0,0,0,0,1,1,116358,0,0,50,0,0,0,0,0,0,0,0,0,0,0,0,0,0,0,0,0,1,1
46,0,0,0,0,1,0,8,0,0,0,0,0,0,1,0,0,0,0,0,0,0,0,0,0,1,0,0,0,0,0,1,0,0,0,0,0,0,0,0,0,0,0,1,0,0,0,0,0,0,0,0,0,1,1,175958,0,0,45,0,0,0,0,0,0,0,0,0,0,0,0,0,0,0,0,0,1,0
41,0,0,0,0,1,0,13,0,0,0,0,0,0,0,0,0,1,0,0,0,0,0,0,0,1,0,0,0,0,0,0,1,0,0,0,0,0,0,0,0,0,0,1,0,0,0,0,0,0,0,0,0,1,1,120277,0,0,40,0,0,0,0,0,0,0,0,0,0,0,0,0,0,0,0,0,1,0
47,0,0,0,0,1,0,4,0,0,1,0,0,0,0,0,0,0,0,0,0,0,0,0,0,1,0,0,0,0,0,1,0,0,0,0,0,0,0,0,0,0,0,1,0,0,0,0,0,0,0,0,0,1,1,207540,0,0,40,0,0,0,0,0,0,0,0,0,0,0,0,0,0,0,0,0,1,0
56,0,0,0,0,1,0,9,0,0,0,0,0,0,0,0,0,0,0,1,0,0,0,0,0,1,0,0,0,0,0,0,1,0,0,0,0,0,0,0,0,0,0,1,0,0,0,0,0,0,0,0,0,1,1,267763,0,0,40,0,0,0,0,0,0,0,0,0,0,0,0,0,0,0,0,0,1,0
25,0,0,0,0,1,0,9,0,0,0,0,0,0,0,0,0,0,0,1,0,0,0,0,0,1,0,0,0,0,0,0,0,0,0,0,0,0,0,0,1,0,0,1,0,0,0,0,0,0,0,0,0,1,1,181691,0,0,60,0,0,0,0,0,0,0,0,0,0,0,0,0,0,0,0,0,1,0
49,0,0,0,0,1,0,10,0,0,0,0,0,0,0,0,0,0,0,0,0,0,0,1,0,1,0,0,0,0,0,0,1,0,0,0,0,0,0,0,0,0,0,1,0,0,0,0,0,0,0,0,0,1,1,119539,0,0,60,0,0,0,0,0,0,0,0,0,0,0,0,0,0,0,0,0,1,1
44,0,0,0,0,1,0,14,0,0,0,0,0,0,0,0,0,0,0,0,1,0,0,0,0,1,0,0,0,0,0,0,0,0,0,0,0,0,0,0,1,0,0,1,0,0,0,0,0,0,0,0,0,1,1,71556,0,0,50,0,0,0,0,0,0,0,0,0,0,0,0,0,0,0,0,0,1,1
61,0,0,0,0,0,1,14,0,0,0,0,0,0,0,0,0,0,0,0,1,0,0,0,0,1,0,0,0,0,0,1,0,0,0,0,0,0,0,0,0,0,0,1,0,0,0,0,0,0,0,0,0,1,1,115023,0,0,4,0,0,0,0,0,0,0,0,0,0,0,0,0,0,0,0,0,1,0
42,0,0,0,0,0,1,12,0,0,0,0,0,0,0,1,0,0,0,0,0,0,0,0,0,1,0,0,0,0,0,0,0,0,0,0,0,0,0,0,1,0,0,1,0,0,0,0,0,0,0,0,0,1,1,183765,0,0,40,0,0,0,0,0,0,0,0,0,0,0,0,0,0,0,0,0,1,0
76,0,0,0,0,0,1,14,0,0,0,0,0,0,0,0,0,0,0,0,1,0,0,0,0,1,0,0,0,0,0,0,0,0,0,0,0,0,1,0,0,0,0,1,0,0,0,0,0,0,0,0,0,1,1,33213,0,0,30,0,0,0,0,0,0,0,0,0,0,0,0,0,0,0,0,0,1,1
38,0,0,0,0,0,1,9,0,0,0,0,0,0,0,0,0,0,0,1,0,0,0,0,0,1,0,0,0,0,0,0,0,0,0,1,0,0,0,0,0,0,0,1,0,0,0,0,0,0,0,0,0,1,1,414991,0,0,70,0,0,0,0,0,0,0,0,0,0,0,0,0,0,0,0,0,1,0
30,0,0,0,0,0,1,13,0,0,0,0,0,0,0,0,0,1,0,0,0,0,0,0,0,1,0,0,0,0,0,0,0,0,0,0,0,0,0,0,1,0,0,1,0,0,0,0,0,0,0,1,0,0,1,178255,0,0,70,0,0,0,0,0,0,0,0,0,0,0,0,0,0,0,0,0,1,0
36,0,0,0,0,0,1,13,0,0,0,0,0,0,0,0,0,1,0,0,0,0,0,0,0,1,0,0,0,0,0,0,0,0,0,0,0,0,0,0,1,0,0,1,0,0,0,0,0,0,0,0,0,1,1,160120,0,0,45,0,0,0,0,0,0,0,0,0,0,0,0,0,0,0,0,0,1,0
52,0,0,0,0,0,1,10,0,0,0,0,0,0,0,0,0,0,0,0,0,0,0,1,0,1,0,0,0,0,0,1,0,0,0,0,0,0,0,0,0,0,0,1,0,0,0,0,0,0,0,0,0,1,1,135339,0,0,40,0,0,0,0,0,0,0,0,0,0,0,0,0,0,0,0,0,1,1
54,0,0,0,0,0,1,9,0,0,0,0,0,0,0,0,0,0,0,1,0,0,0,0,0,1,0,0,0,0,0,0,1,0,0,0,0,0,0,0,0,0,0,1,0,0,0,0,0,0,0,0,0,1,1,121761,0,0,50,0,0,0,0,0,0,0,0,0,0,0,0,0,0,0,0,0,1,0
31,0,0,0,0,0,1,13,0,0,0,0,0,0,0,0,0,1,0,0,0,0,0,0,0,1,0,0,0,0,0,0,1,0,0,0,0,0,0,0,0,0,0,1,0,0,0,0,0,0,0,0,0,1,1,145162,0,0,60,0,0,0,0,0,0,0,0,0,0,0,0,0,0,0,0,0,1,1
32,0,0,0,0,0,1,13,0,0,0,0,0,0,0,0,0,1,0,0,0,0,0,0,0,1,0,0,0,0,0,0,1,0,0,0,0,0,0,0,0,0,0,1,0,0,0,0,0,0,0,0,0,1,1,62165,0,0,40,0,0,0,0,0,0,0,0,0,0,0,0,0,0,0,0,0,1,0
35,0,0,0,0,0,1,14,0,0,0,0,0,0,0,0,0,0,0,0,1,0,0,0,0,1,0,0,0,0,0,0,0,0,0,0,0,0,0,0,1,0,0,1,0,0,0,0,0,0,0,0,0,1,1,193260,0,0,40,0,0,0,0,0,0,0,0,0,0,0,0,0,0,0,0,0,1,1
36,0,0,0,0,0,1,13,0,0,0,0,0,0,0,0,0,1,0,0,0,0,0,0,0,1,0,0,0,0,0,0,0,0,0,0,0,0,0,0,0,0,1,1,0,0,0,0,0,0,0,0,0,1,1,609935,0,0,48,0,0,0,0,0,0,0,0,0,0,0,0,0,0,0,0,0,1,0
57,0,0,0,0,0,1,4,0,0,1,0,0,0,0,0,0,0,0,0,0,0,0,0,0,1,0,0,0,0,0,0,0,0,0,0,0,0,1,0,0,0,0,1,0,0,0,0,0,0,0,0,0,1,1,275943,0,0,40,0,0,0,0,0,0,0,0,0,0,0,0,0,0,0,0,0,1,0
37,0,0,0,0,0,1,13,0,0,0,0,0,0,0,0,0,1,0,0,0,0,0,0,0,1,0,0,0,0,0,0,0,0,0,0,0,0,0,0,0,0,1,1,0,0,0,0,0,0,0,0,0,1,1,187411,0,0,50,0,0,0,0,0,0,0,0,0,0,0,0,0,0,0,0,0,1,0
43,0,0,0,0,0,1,6,0,0,0,0,1,0,0,0,0,0,0,0,0,0,0,0,0,1,0,0,0,0,0,1,0,0,0,0,0,0,0,0,0,0,0,1,0,0,0,0,0,0,0,0,0,1,1,147269,0,0,60,0,0,0,0,0,0,0,0,0,0,0,0,0,0,0,0,0,1,0
37,0,0,0,0,0,1,10,0,0,0,0,0,0,0,0,0,0,0,0,0,0,0,1,0,1,0,0,0,0,0,1,0,0,0,0,0,0,0,0,0,0,0,1,0,0,0,0,0,0,0,1,0,0,1,327164,0,0,70,0,0,0,0,0,0,0,0,0,0,0,0,0,0,0,0,0,1,0
36,0,0,0,0,0,1,16,0,0,0,0,0,0,0,0,0,0,1,0,0,0,0,0,0,1,0,0,0,0,0,0,0,0,0,0,0,0,1,0,0,0,0,1,0,0,0,0,0,0,0,0,0,1,1,342719,0,0,45,0,0,0,0,0,0,0,0,0,0,0,0,0,0,0,0,0,1,1
45,0,0,0,0,0,1,10,0,0,0,0,0,0,0,0,0,0,0,0,0,0,0,1,0,1,0,0,0,0,0,0,1,0,0,0,0,0,0,0,0,0,0,1,0,0,0,0,0,0,0,0,0,1,1,138962,0,0,72,0,0,0,0,0,0,0,0,0,0,0,0,0,0,0,0,0,1,0
43,0,0,1,0,0,0,10,0,0,0,0,0,0,0,0,0,0,0,0,0,0,0,1,0,1,0,0,0,0,0,1,0,0,0,0,0,0,0,0,0,0,0,1,0,0,0,0,0,0,0,0,0,1,1,146908,0,0,40,0,0,0,0,0,0,0,0,0,0,0,0,0,0,0,0,0,1,0
61,0,0,1,0,0,0,16,0,0,0,0,0,0,0,0,0,0,1,0,0,0,0,0,0,1,0,0,0,0,0,0,0,0,0,0,0,0,1,0,0,0,0,1,0,0,0,0,0,0,0,0,0,1,1,124971,0,0,40,0,0,0,0,0,0,0,0,0,0,0,0,0,0,0,0,0,1,1
53,0,0,1,0,0,0,16,0,0,0,0,0,0,0,0,0,0,1,0,0,0,0,0,0,1,0,0,0,0,0,0,0,0,0,0,0,0,1,0,0,0,0,1,0,0,0,0,0,0,0,0,0,1,1,104501,0,0,40,0,0,0,0,0,0,0,0,0,0,0,0,0,0,0,0,0,1,1
24,0,0,1,0,0,0,10,0,0,0,0,0,0,0,0,0,0,0,0,0,0,0,1,0,1,0,0,0,0,0,0,0,0,0,0,1,0,0,0,0,0,0,1,0,0,0,0,0,0,0,0,0,1,1,27939,0,0,24,0,0,0,0,0,0,0,0,0,0,0,0,0,0,0,0,0,1,0
55,0,0,1,0,0,0,16,0,0,0,0,0,0,0,0,0,0,1,0,0,0,0,0,0,1,0,0,0,0,0,0,0,0,0,0,0,0,1,0,0,0,0,1,0,0,0,0,0,0,0,0,0,1,1,117357,0,0,70,0,0,0,0,0,0,0,0,0,0,0,0,0,0,0,0,0,1,1
67,0,0,1,0,0,0,16,0,0,0,0,0,0,0,0,0,0,1,0,0,0,0,0,0,1,0,0,0,0,0,0,0,0,0,0,0,0,1,0,0,0,0,1,0,0,0,0,0,0,0,0,0,1,1,239705,0,0,12,0,0,0,0,0,0,0,0,0,0,0,0,0,0,0,0,0,1,0
39,0,0,1,0,0,0,10,0,0,0,0,0,0,0,0,0,0,0,0,0,0,0,1,0,1,0,0,0,0,1,0,0,0,0,0,0,0,0,0,0,0,0,1,0,0,0,0,0,0,0,0,0,1,1,65390,0,0,40,0,0,0,0,0,0,0,0,0,0,0,0,0,0,0,0,0,1,0
53,0,1,0,0,0,0,9,0,0,0,0,0,0,0,0,0,0,0,1,0,0,0,0,1,0,0,0,0,0,0,1,0,0,0,0,0,0,0,0,0,0,0,1,0,0,0,0,0,0,0,0,0,1,1,228723,0,0,40,0,0,0,0,0,0,0,0,0,0,0,0,0,0,0,0,0,1,1
42,0,1,0,0,0,0,13,0,0,0,0,0,0,0,0,0,1,0,0,0,0,0,0,1,0,0,0,0,0,0,0,0,0,0,0,0,0,1,0,0,0,0,1,0,0,0,0,0,0,0,0,0,1,1,177937,0,0,50,0,0,0,0,0,0,0,0,0,0,0,0,0,0,0,0,0,1,0
64,0,1,0,0,0,0,3,0,1,0,0,0,0,0,0,0,0,0,0,0,0,0,0,1,0,0,0,0,0,0,0,0,0,0,0,1,0,0,0,0,0,0,1,0,0,0,0,0,0,0,0,0,1,0,199298,0,0,45,0,0,0,0,0,0,0,0,0,0,0,0,0,0,0,0,0,1,0
45,0,0,0,1,0,0,13,0,0,0,0,0,0,0,0,0,1,0,0,0,0,0,0,1,0,0,0,0,0,0,0,0,0,0,0,1,0,0,0,0,0,0,1,0,0,0,0,0,0,0,0,0,1,1,182655,0,0,45,0,0,0,0,0,0,0,0,0,0,0,0,0,0,0,0,0,1,1
48,0,0,0,1,0,0,11,0,0,0,0,0,0,0,0,1,0,0,0,0,0,0,0,1,0,0,0,0,0,0,0,0,0,0,0,1,0,0,0,0,0,0,1,0,0,0,0,0,0,0,0,0,1,0,229846,0,0,40,0,0,0,0,0,0,0,0,0,0,0,0,0,0,0,0,0,1,0
41,0,0,0,1,0,0,13,0,0,0,0,0,0,0,0,0,1,0,0,0,0,0,0,1,0,0,0,0,0,0,0,0,0,0,0,0,0,0,0,0,1,0,1,0,0,0,0,0,0,0,1,0,0,0,163322,0,0,30,0,0,0,0,0,0,0,0,0,0,0,0,0,0,0,0,0,1,0
56,0,0,0,1,0,0,9,0,0,0,0,0,0,0,0,0,0,0,1,0,0,0,0,1,0,0,0,0,0,0,0,1,0,0,0,0,0,0,0,0,0,0,1,0,0,0,0,0,0,0,0,0,1,1,208415,0,0,40,0,0,0,0,0,0,0,0,0,0,0,0,0,0,0,0,0,1,0
52,0,0,0,1,0,0,13,0,0,0,0,0,0,0,0,0,1,0,0,0,0,0,0,1,0,0,0,0,0,0,0,1,0,0,0,0,0,0,0,0,0,0,1,0,0,0,0,0,0,0,0,0,1,1,201310,0,0,40,0,0,0,0,0,0,0,0,0,0,0,0,0,0,0,0,0,1,0
55,0,0,0,1,0,0,9,0,0,0,0,0,0,0,0,0,0,0,1,0,0,0,0,1,0,0,0,0,0,0,0,0,0,0,0,1,0,0,0,0,0,0,1,0,0,0,0,0,0,0,0,0,1,1,305759,0,0,40,0,0,0,0,0,0,0,0,0,0,0,0,0,0,0,0,0,1,0
43,0,0,0,1,0,0,10,0,0,0,0,0,0,0,0,0,0,0,0,0,0,0,1,1,0,0,0,0,0,0,0,0,0,0,0,0,0,0,0,0,1,0,1,0,0,0,0,0,0,0,0,0,1,1,183765,0,0,40,0,0,0,0,0,0,0,0,0,0,0,0,0,0,0,0,0,1,1
35,0,0,0,1,0,0,9,0,0,0,0,0,0,0,0,0,0,0,1,0,0,0,0,1,0,0,0,0,0,0,1,0,0,0,0,0,0,0,0,0,0,0,1,0,0,0,0,0,0,0,0,0,1,1,126675,0,0,46,0,0,0,0,0,0,0,0,0,0,0,0,0,0,0,0,0,1,0
61,0,0,0,1,0,0,13,0,0,0,0,0,0,0,0,0,1,0,0,0,0,0,0,1,0,0,0,0,0,0,0,0,0,0,0,0,1,0,0,0,0,0,1,0,0,0,0,0,0,0,0,0,1,0,203126,0,0,12,0,0,0,0,0,0,0,0,0,0,0,0,0,0,0,0,0,1,0
37,0,0,0,1,0,0,9,0,0,0,0,0,0,0,0,0,0,0,1,0,0,0,0,1,0,0,0,0,0,0,0,0,0,0,0,1,0,0,0,0,0,0,1,0,0,0,0,0,0,0,0,0,1,0,193952,0,0,40,0,0,0,0,0,0,0,0,0,0,0,0,0,0,0,0,0,1,0
38,0,0,0,1,0,0,9,0,0,0,0,0,0,0,0,0,0,0,1,0,0,0,0,1,0,0,0,0,0,0,1,0,0,0,0,0,0,0,0,0,0,0,1,0,0,0,0,0,1,0,0,0,0,1,108907,0,0,40,0,0,0,0,0,0,0,0,0,0,0,0,0,0,0,0,0,1,0
38,0,0,0,1,0,0,13,0,0,0,0,0,0,0,0,0,1,0,0,0,0,0,0,1,0,0,0,0,0,0,0,0,0,0,0,1,0,0,0,0,0,0,1,0,0,0,0,0,0,0,0,0,1,0,216129,0,0,60,0,0,0,0,0,0,0,0,0,0,0,0,0,0,0,0,0,1,0
44,0,0,0,1,0,0,13,0,0,0,0,0,0,0,0,0,1,0,0,0,0,0,0,1,0,0,0,0,0,1,0,0,0,0,0,0,0,0,0,0,0,0,1,0,0,0,0,0,0,0,0,0,1,1,144067,0,0,12,0,0,0,0,0,0,0,0,0,0,0,0,0,0,0,0,0,1,0
54,0,0,0,0,0,1,10,0,0,0,0,0,0,0,0,0,0,0,0,0,0,0,1,1,0,0,0,0,0,0,1,0,0,0,0,0,0,0,0,0,0,0,1,0,0,0,0,0,0,0,0,0,1,1,117674,0,0,40,0,0,0,0,0,0,0,0,0,0,0,0,0,0,0,0,0,1,0
60,0,0,0,0,0,1,9,0,0,0,0,0,0,0,0,0,0,0,1,0,0,0,0,1,0,0,0,0,0,0,1,0,0,0,0,0,0,0,0,0,0,0,1,0,0,0,0,0,0,0,0,0,1,1,146674,0,0,50,0,0,0,0,0,0,0,0,0,0,0,0,0,0,0,0,0,1,0
34,0,0,0,0,0,1,13,0,0,0,0,0,0,0,0,0,1,0,0,0,0,0,0,1,0,0,0,0,0,0,0,0,0,0,0,0,0,0,0,0,0,1,1,0,0,0,0,0,0,0,0,0,1,1,114185,0,0,50,0,0,0,0,0,0,0,0,0,0,0,0,0,0,0,0,0,1,0
43,0,0,0,1,0,0,16,0,0,0,0,0,0,0,0,0,0,1,0,0,0,0,0,0,0,1,0,0,0,0,0,0,0,0,0,0,0,1,0,0,0,0,1,0,0,0,0,0,0,0,0,0,1,0,57600,0,0,40,0,0,0,0,0,0,0,0,0,0,0,0,0,0,0,0,0,1,0
33,0,0,0,1,0,0,10,0,0,0,0,0,0,0,0,0,0,0,0,0,0,0,1,0,0,1,0,0,0,0,1,0,0,0,0,0,0,0,0,0,0,0,1,0,0,0,0,0,0,0,0,0,1,1,180656,0,0,40,0,0,0,0,0,0,0,0,0,0,0,0,0,0,0,0,0,1,0
35,0,0,0,1,0,0,9,0,0,0,0,0,0,0,0,0,0,0,1,0,0,0,0,0,0,1,0,0,0,0,1,0,0,0,0,0,0,0,0,0,0,0,1,0,0,0,0,0,0,0,0,0,1,1,173858,0,0,40,0,0,0,0,0,0,0,0,0,0,0,0,0,0,0,0,0,1,0
40,0,0,0,1,0,0,13,0,0,0,0,0,0,0,0,0,1,0,0,0,0,0,0,0,0,1,0,0,0,0,0,0,0,0,0,1,0,0,0,0,0,0,1,0,0,0,0,0,0,0,0,1,0,0,170230,0,0,40,0,0,0,0,0,0,0,0,0,0,0,0,0,0,0,0,0,1,0
38,0,0,0,1,0,0,9,0,0,0,0,0,0,0,0,0,0,0,1,0,0,0,0,0,0,1,0,0,0,0,0,0,0,0,0,1,0,0,0,0,0,0,1,0,0,0,0,0,0,0,0,0,1,1,189404,0,0,35,0,0,0,0,0,0,0,0,0,0,0,0,0,0,0,0,0,1,0
57,0,0,0,1,0,0,2,1,0,0,0,0,0,0,0,0,0,0,0,0,0,0,0,0,0,1,0,0,0,0,0,0,0,0,0,1,0,0,0,0,0,0,1,0,0,0,0,0,0,0,0,0,1,1,140426,0,0,35,0,0,0,0,0,0,0,0,0,0,0,0,0,0,0,0,0,1,0
39,0,0,0,1,0,0,8,0,0,0,0,0,0,1,0,0,0,0,0,0,0,0,0,0,0,1,0,0,0,0,0,0,0,0,0,0,0,0,0,0,0,1,1,0,0,0,0,0,0,0,0,0,1,1,59313,0,0,45,0,0,0,0,0,0,0,0,0,0,0,0,0,0,0,0,0,1,0
30,0,0,0,1,0,0,10,0,0,0,0,0,0,0,0,0,0,0,0,0,0,0,1,0,0,1,0,0,0,0,1,0,0,0,0,0,0,0,0,0,0,0,1,0,0,0,0,0,0,0,0,0,1,1,180656,0,0,40,0,0,0,0,0,0,0,0,0,0,0,0,0,0,0,0,0,1,0
31,0,0,0,1,0,0,10,0,0,0,0,0,0,0,0,0,0,0,0,0,0,0,1,0,0,1,0,0,0,0,0,0,0,0,0,0,0,0,0,0,0,1,1,0,0,0,0,0,0,0,0,0,1,1,591711,0,0,40,0,0,0,0,0,0,0,0,0,0,0,0,0,0,0,0,0,1,0
37,0,0,0,0,1,0,7,0,0,0,0,0,1,0,0,0,0,0,0,0,0,0,0,0,0,1,0,0,0,0,0,0,0,0,0,0,0,0,0,1,0,0,1,0,0,0,0,0,0,0,0,0,1,1,188774,0,0,60,0,0,0,0,0,0,0,0,0,0,0,0,0,0,0,0,0,1,0
40,1,0,0,0,0,0,13,0,0,0,0,0,0,0,0,0,1,0,0,0,0,0,0,0,0,0,1,0,0,0,0,0,0,0,0,0,0,1,0,0,0,0,1,0,0,0,0,0,0,0,1,0,0,0,163215,0,0,40,0,0,0,0,0,0,0,0,0,0,0,0,0,0,0,0,0,1,0
35,1,0,0,0,0,0,13,0,0,0,0,0,0,0,0,0,1,0,0,0,0,0,0,0,0,0,1,0,0,0,0,0,0,0,0,0,0,0,0,0,1,0,1,0,0,0,0,0,0,0,0,0,1,1,35309,0,0,28,0,0,0,0,0,0,0,0,0,0,0,0,0,0,0,0,0,1,0
30,1,0,0,0,0,0,15,0,0,0,0,0,0,0,0,0,0,0,0,0,0,1,0,0,0,0,1,0,0,0,0,1,0,0,0,0,0,0,0,0,0,0,1,0,0,0,0,0,0,0,0,0,1,1,54684,0,0,55,0,0,0,0,0,0,0,0,0,0,0,0,0,0,0,0,0,1,0
59,1,0,0,0,0,0,14,0,0,0,0,0,0,0,0,0,0,0,0,1,0,0,0,0,0,0,1,0,0,0,0,0,0,0,0,0,0,1,0,0,0,0,1,0,0,0,0,0,0,0,0,0,1,0,48102,0,0,40,0,0,0,0,0,0,0,0,0,0,0,0,0,0,0,0,0,1,1
32,0,1,0,0,0,0,14,0,0,0,0,0,0,0,0,0,0,0,0,1,0,0,0,0,0,0,1,0,0,0,0,0,0,0,0,0,0,1,0,0,0,0,1,0,0,0,0,0,0,0,1,0,0,0,190889,0,0,40,0,0,0,0,0,0,0,0,0,0,0,0,0,0,0,0,0,1,0
27,0,1,0,0,0,0,13,0,0,0,0,0,0,0,0,0,1,0,0,0,0,0,0,0,0,0,1,0,0,0,0,0,0,0,0,0,0,1,0,0,0,0,1,0,0,0,0,0,0,0,0,0,1,0,282664,0,0,45,0,0,0,0,0,0,0,0,0,0,0,0,0,0,0,0,0,1,0
43,0,0,0,1,0,0,13,0,0,0,0,0,0,0,0,0,1,0,0,0,0,0,0,0,0,0,1,0,0,0,0,0,0,0,0,0,0,1,0,0,0,0,1,0,0,0,0,0,0,0,0,0,1,1,177937,0,0,40,0,0,0,0,0,0,0,0,0,0,0,0,0,0,0,0,0,1,1
30,0,0,0,1,0,0,13,0,0,0,0,0,0,0,0,0,1,0,0,0,0,0,0,0,0,0,1,0,0,0,0,0,0,0,0,0,0,1,0,0,0,0,1,0,0,0,0,0,0,0,1,0,0,1,201624,0,0,45,0,0,0,0,0,0,0,0,0,0,0,0,0,0,0,0,0,1,0
19,0,0,0,1,0,0,9,0,0,0,0,0,0,0,0,0,0,0,1,0,0,0,0,0,0,0,1,0,0,0,0,0,0,0,0,0,1,0,0,0,0,0,1,0,0,0,0,0,0,0,0,0,1,0,365640,0,0,45,0,0,0,0,0,0,0,0,0,0,0,0,0,0,0,0,0,1,0
31,0,0,0,1,0,0,15,0,0,0,0,0,0,0,0,0,0,0,0,0,0,1,0,0,0,0,1,0,0,0,0,0,0,0,0,0,0,1,0,0,0,0,1,0,0,0,0,0,0,0,0,0,1,0,170430,0,0,80,0,0,0,0,0,0,0,0,0,0,0,0,0,0,0,0,0,1,0
28,0,0,0,1,0,0,3,0,1,0,0,0,0,0,0,0,0,0,0,0,0,0,0,0,0,0,1,0,0,0,0,0,0,0,1,0,0,0,0,0,0,0,1,0,0,0,0,0,0,0,0,0,1,0,128509,0,0,40,0,0,0,0,0,0,0,0,0,0,0,0,0,0,0,0,0,1,0
38,0,0,0,1,0,0,6,0,0,0,0,1,0,0,0,0,0,0,0,0,0,0,0,0,0,0,1,0,0,0,1,0,0,0,0,0,0,0,0,0,0,0,1,0,0,0,0,0,0,0,0,0,1,1,53930,0,0,40,0,0,0,0,0,0,0,0,0,0,0,0,0,0,0,0,0,1,0
34,0,0,0,1,0,0,6,0,0,0,0,1,0,0,0,0,0,0,0,0,0,0,0,0,0,0,1,0,0,0,0,0,1,0,0,0,0,0,0,0,0,0,1,0,0,0,0,0,0,0,0,0,1,1,127651,0,0,44,0,0,0,0,0,0,0,0,0,0,0,0,0,0,0,0,0,1,0
22,0,0,0,1,0,0,10,0,0,0,0,0,0,0,0,0,0,0,0,0,0,0,1,0,0,0,1,0,0,1,0,0,0,0,0,0,0,0,0,0,0,0,1,0,0,0,0,0,0,0,0,0,1,1,129934,0,0,40,0,0,0,0,0,0,0,0,0,0,0,0,0,0,0,0,0,1,0
35,0,0,0,1,0,0,13,0,0,0,0,0,0,0,0,0,1,0,0,0,0,0,0,0,0,0,1,0,0,0,0,0,0,0,0,0,0,0,0,1,0,0,1,0,0,0,0,0,0,0,1,0,0,1,124483,0,0,50,0,0,0,0,0,0,0,0,0,0,0,0,0,0,0,0,0,1,1
17,0,0,0,1,0,0,8,0,0,0,0,0,0,1,0,0,0,0,0,0,0,0,0,0,0,0,1,0,0,0,0,0,0,0,0,0,0,0,0,1,0,0,1,0,0,0,0,0,0,0,0,0,1,0,160118,0,0,10,0,0,0,0,0,0,0,0,0,0,0,0,0,0,0,0,0,1,0
30,0,0,0,1,0,0,9,0,0,0,0,0,0,0,0,0,0,0,1,0,0,0,0,0,0,0,1,0,0,1,0,0,0,0,0,0,0,0,0,0,0,0,1,0,0,0,0,0,0,0,0,0,1,1,164190,0,0,38,0,0,0,0,0,0,0,0,0,0,0,0,0,0,0,0,0,1,0
27,0,0,0,1,0,0,10,0,0,0,0,0,0,0,0,0,0,0,0,0,0,0,1,0,0,0,1,0,0,0,0,0,0,0,0,0,0,1,0,0,0,0,1,0,0,0,0,0,0,0,0,0,1,0,195681,0,0,48,0,0,0,0,0,0,0,0,0,0,0,0,0,0,0,0,0,1,0
42,0,0,0,1,0,0,9,0,0,0,0,0,0,0,0,0,0,0,1,0,0,0,0,0,0,0,1,0,0,0,0,0,0,0,0,0,1,0,0,0,0,0,1,0,0,0,0,0,0,0,0,0,1,0,132633,0,0,40,0,0,0,0,0,0,0,0,0,0,0,0,0,0,0,0,0,1,0
25,0,0,0,1,0,0,13,0,0,0,0,0,0,0,0,0,1,0,0,0,0,0,0,0,0,0,1,0,0,0,0,0,0,0,0,0,0,0,0,0,1,0,1,0,0,0,0,0,0,0,0,0,1,1,310864,0,0,40,0,0,0,0,0,0,0,0,0,0,0,0,0,0,0,0,0,1,0
20,0,0,0,1,0,0,10,0,0,0,0,0,0,0,0,0,0,0,0,0,0,0,1,0,0,0,1,0,0,0,0,0,0,0,1,0,0,0,0,0,0,0,1,0,0,0,0,0,0,0,1,0,0,0,285295,0,0,40,0,0,0,0,0,0,0,0,0,0,0,0,0,0,0,0,0,1,0
26,0,0,0,1,0,0,13,0,0,0,0,0,0,0,0,0,1,0,0,0,0,0,0,0,0,0,1,0,0,0,0,0,0,0,0,0,0,1,0,0,0,0,1,0,0,0,0,0,0,0,0,0,1,1,142689,0,0,45,0,0,0,0,0,0,0,0,0,0,0,0,0,0,0,0,0,1,0
30,0,0,0,1,0,0,16,0,0,0,0,0,0,0,0,0,0,1,0,0,0,0,0,0,0,0,1,0,0,0,0,0,0,0,0,0,0,1,0,0,0,0,1,0,0,0,0,0,0,0,0,0,1,1,496414,0,0,40,0,0,0,0,0,0,0,0,0,0,0,0,0,0,0,0,0,1,0
28,0,0,0,1,0,0,7,0,0,0,0,0,1,0,0,0,0,0,0,0,0,0,0,0,0,0,1,0,0,0,1,0,0,0,0,0,0,0,0,0,0,0,1,0,0,0,0,0,0,0,0,0,1,1,150025,0,0,40,0,0,0,0,0,0,0,0,0,0,0,0,0,0,0,0,0,1,0
53,0,0,0,1,0,0,9,0,0,0,0,0,0,0,0,0,0,0,1,0,0,0,0,0,0,0,1,0,0,0,1,0,0,0,0,0,0,0,0,0,0,0,1,0,0,0,0,0,0,0,0,0,1,0,88725,0,0,40,0,0,0,0,0,0,0,0,0,0,0,0,0,0,0,0,0,1,0
31,0,0,0,1,0,0,8,0,0,0,0,0,0,1,0,0,0,0,0,0,0,0,0,0,0,0,1,0,0,0,0,0,0,1,0,0,0,0,0,0,0,0,1,0,0,0,0,0,0,0,0,0,1,1,217962,0,0,40,0,0,0,0,0,0,0,0,0,0,0,0,0,0,0,0,0,1,0
40,0,0,0,1,0,0,9,0,0,0,0,0,0,0,0,0,0,0,1,0,0,0,0,0,0,0,1,0,0,0,0,0,0,0,0,1,0,0,0,0,0,0,1,0,0,0,0,0,0,0,1,0,0,1,170019,0,0,40,0,0,0,0,0,0,0,0,0,0,0,0,0,0,0,0,0,1,0
27,0,0,0,1,0,0,13,0,0,0,0,0,0,0,0,0,1,0,0,0,0,0,0,0,0,0,1,0,0,0,0,0,0,0,1,0,0,0,0,0,0,0,1,0,0,0,0,0,0,0,0,0,1,1,104457,0,0,40,0,0,0,0,0,0,0,0,0,0,0,0,0,0,0,0,0,1,0
24,0,0,0,1,0,0,10,0,0,0,0,0,0,0,0,0,0,0,0,0,0,0,1,0,0,0,1,0,0,1,0,0,0,0,0,0,0,0,0,0,0,0,1,0,0,0,0,0,0,0,0,0,1,0,122234,0,0,20,0,0,0,0,0,0,0,0,0,0,0,0,0,0,0,0,0,1,0
25,0,0,0,1,0,0,11,0,0,0,0,0,0,0,0,1,0,0,0,0,0,0,0,0,0,0,1,0,0,1,0,0,0,0,0,0,0,0,0,0,0,0,1,0,0,0,0,0,0,0,0,0,1,1,250038,0,0,40,0,0,0,0,0,0,0,0,0,0,0,0,0,0,0,0,0,1,0
28,0,0,0,1,0,0,5,0,0,0,1,0,0,0,0,0,0,0,0,0,0,0,0,0,0,0,1,0,0,0,1,0,0,0,0,0,0,0,0,0,0,0,1,0,0,0,0,0,0,0,0,0,1,1,150025,0,0,50,0,0,0,0,0,0,0,0,0,0,0,0,0,0,0,0,0,1,1
22,0,0,0,1,0,0,12,0,0,0,0,0,0,0,1,0,0,0,0,0,0,0,0,0,0,0,1,0,0,0,0,0,0,1,0,0,0,0,0,0,0,0,1,0,0,0,0,0,0,0,0,0,1,1,433669,0,0,36,0,0,0,0,0,0,0,0,0,0,0,0,0,0,0,0,0,1,0
26,0,0,0,1,0,0,13,0,0,0,0,0,0,0,0,0,1,0,0,0,0,0,0,0,0,0,1,0,0,0,0,1,0,0,0,0,0,0,0,0,0,0,1,0,0,0,0,0,0,0,0,0,1,1,56929,0,0,50,0,0,0,0,0,0,0,0,0,0,0,0,0,0,0,0,0,1,0
24,0,0,0,1,0,0,14,0,0,0,0,0,0,0,0,0,0,0,0,1,0,0,0,0,0,0,1,0,0,0,0,0,0,0,0,0,1,0,0,0,0,0,1,0,0,0,0,0,0,0,0,0,1,0,193920,0,0,45,0,0,0,0,0,0,0,0,0,0,0,0,0,0,0,0,0,1,0
24,0,0,0,1,0,0,12,0,0,0,0,0,0,0,1,0,0,0,0,0,0,0,0,0,0,0,1,0,0,0,0,0,0,0,0,0,0,0,0,1,0,0,1,0,0,0,0,0,0,0,0,0,1,1,464502,0,0,40,0,0,0,0,0,0,0,0,0,0,0,0,0,0,0,0,0,1,0
26,0,0,0,1,0,0,3,0,1,0,0,0,0,0,0,0,0,0,0,0,0,0,0,0,0,0,1,0,0,0,0,0,0,0,0,0,0,0,0,0,0,1,1,0,0,0,0,0,0,0,0,0,1,1,350853,0,0,40,0,0,0,0,0,0,0,0,0,0,0,0,0,0,0,0,0,1,0
34,0,0,0,1,0,0,11,0,0,0,0,0,0,0,0,1,0,0,0,0,0,0,0,0,0,0,1,0,0,0,0,0,0,0,0,1,0,0,0,0,0,0,1,0,0,0,0,0,0,0,1,0,0,1,220631,0,0,50,0,0,0,0,0,0,0,0,0,0,0,0,0,0,0,0,0,1,0
28,0,0,0,1,0,0,14,0,0,0,0,0,0,0,0,0,0,0,0,1,0,0,0,0,0,0,1,0,0,0,0,1,0,0,0,0,0,0,0,0,0,0,1,0,0,0,0,0,0,0,0,0,1,0,177119,0,0,80,0,0,0,0,0,0,0,0,0,0,0,0,0,0,0,0,0,1,0
30,0,0,0,1,0,0,9,0,0,0,0,0,0,0,0,0,0,0,1,0,0,0,0,0,0,0,1,0,0,0,0,0,0,0,0,1,0,0,0,0,0,0,1,0,0,0,0,0,0,0,0,0,1,1,144593,0,0,40,0,0,0,0,0,0,0,0,0,0,0,0,0,0,0,0,0,1,0
41,0,0,0,1,0,0,11,0,0,0,0,0,0,0,0,1,0,0,0,0,0,0,0,0,0,0,1,0,0,0,1,0,0,0,0,0,0,0,0,0,0,0,1,0,0,0,0,0,0,0,0,0,1,0,185057,0,0,40,0,0,0,0,0,0,0,0,0,0,0,0,0,0,0,0,0,1,0
41,0,0,0,1,0,0,13,0,0,0,0,0,0,0,0,0,1,0,0,0,0,0,0,0,0,0,1,0,0,0,0,0,0,1,0,0,0,0,0,0,0,0,1,0,0,0,0,0,0,0,0,0,1,1,216968,0,0,40,0,0,0,0,0,0,0,0,0,0,0,0,0,0,0,0,0,1,0
30,0,0,0,1,0,0,9,0,0,0,0,0,0,0,0,0,0,0,1,0,0,0,0,0,0,0,1,0,0,0,0,0,0,0,0,1,0,0,0,0,0,0,1,0,0,0,0,0,0,0,0,0,1,1,144593,0,0,40,0,0,0,0,0,0,0,0,0,0,0,0,0,0,0,0,0,1,0
29,0,0,0,1,0,0,9,0,0,0,0,0,0,0,0,0,0,0,1,0,0,0,0,0,0,0,1,0,0,0,0,0,1,0,0,0,0,0,0,0,0,0,1,0,0,0,0,0,0,0,0,0,1,1,54411,0,0,50,0,0,0,0,0,0,0,0,0,0,0,0,0,0,0,0,0,1,0
33,0,0,0,1,0,0,14,0,0,0,0,0,0,0,0,0,0,0,0,1,0,0,0,0,0,0,1,0,0,0,0,1,0,0,0,0,0,0,0,0,0,0,1,0,0,0,0,0,1,0,0,0,0,0,160216,0,0,32,0,0,0,0,0,0,0,0,0,0,0,0,0,0,0,0,0,1,0
39,0,0,0,1,0,0,13,0,0,0,0,0,0,0,0,0,1,0,0,0,0,0,0,0,0,0,1,0,0,0,0,0,0,0,0,0,0,1,0,0,0,0,1,0,0,0,0,0,0,0,0,0,1,1,144608,0,0,40,0,0,0,0,0,0,0,0,0,0,0,0,0,0,0,0,0,1,1
39,0,0,0,1,0,0,14,0,0,0,0,0,0,0,0,0,0,0,0,1,0,0,0,0,0,0,1,0,0,1,0,0,0,0,0,0,0,0,0,0,0,0,1,0,0,0,0,0,0,0,0,0,1,1,258037,0,0,40,0,0,0,0,0,0,0,0,0,0,0,0,0,0,0,0,0,1,0
21,0,0,0,1,0,0,10,0,0,0,0,0,0,0,0,0,0,0,0,0,0,0,1,0,0,0,1,0,0,0,0,0,0,0,0,1,0,0,0,0,0,0,1,0,0,0,0,0,0,0,0,0,1,0,400635,0,0,20,0,0,0,0,0,0,0,0,0,0,0,0,0,0,0,0,0,1,0
33,0,0,0,1,0,0,13,0,0,0,0,0,0,0,0,0,1,0,0,0,0,0,0,0,0,0,1,0,0,0,0,1,0,0,0,0,0,0,0,0,0,0,1,0,0,0,0,0,0,0,0,0,1,1,35309,0,0,40,0,0,0,0,0,0,0,0,0,0,0,0,0,0,0,0,0,1,0
38,0,0,0,1,0,0,13,0,0,0,0,0,0,0,0,0,1,0,0,0,0,0,0,0,0,0,1,0,0,0,0,0,0,0,0,0,0,0,0,1,0,0,1,0,0,0,0,0,0,0,0,0,1,1,152237,0,0,45,0,0,0,0,0,0,0,0,0,0,0,0,0,0,0,0,0,1,1
29,0,0,0,1,0,0,6,0,0,0,0,1,0,0,0,0,0,0,0,0,0,0,0,0,0,0,1,0,0,0,1,0,0,0,0,0,0,0,0,0,0,0,1,0,0,0,0,0,0,0,0,0,1,1,46609,0,0,40,0,0,0,0,0,0,0,0,0,0,0,0,0,0,0,0,0,1,0
52,0,0,0,1,0,0,3,0,1,0,0,0,0,0,0,0,0,0,0,0,0,0,0,0,0,0,1,0,0,0,0,0,0,0,1,0,0,0,0,0,0,0,1,0,0,0,0,0,0,0,0,0,1,0,155433,0,0,40,0,0,0,0,0,0,0,0,0,0,0,0,0,0,0,0,0,1,0
27,0,0,0,1,0,0,10,0,0,0,0,0,0,0,0,0,0,0,0,0,0,0,1,0,0,0,1,0,0,1,0,0,0,0,0,0,0,0,0,0,0,0,1,0,0,0,0,0,0,0,0,0,1,0,209801,0,0,45,0,0,0,0,0,0,0,0,0,0,0,0,0,0,0,0,0,1,0
32,0,0,0,1,0,0,12,0,0,0,0,0,0,0,1,0,0,0,0,0,0,0,0,0,0,0,1,0,0,0,0,0,0,0,0,0,0,1,0,0,0,0,1,0,0,0,0,0,0,0,0,0,1,1,251701,0,0,40,0,0,0,0,0,0,0,0,0,0,0,0,0,0,0,0,0,1,0
22,0,0,0,1,0,0,10,0,0,0,0,0,0,0,0,0,0,0,0,0,0,0,1,0,0,0,1,0,0,0,0,0,0,0,0,0,0,0,0,1,0,0,1,0,0,0,0,0,0,0,0,0,1,1,341610,0,0,35,0,0,0,0,0,0,0,0,0,0,0,0,0,0,0,0,0,1,0
27,0,0,0,1,0,0,4,0,0,1,0,0,0,0,0,0,0,0,0,0,0,0,0,0,0,0,1,0,0,0,0,0,0,0,0,1,0,0,0,0,0,0,1,0,0,0,0,0,0,0,0,0,1,1,271603,0,0,24,0,0,0,0,0,0,0,0,0,0,0,0,0,0,0,0,0,1,0
26,0,0,0,1,0,0,13,0,0,0,0,0,0,0,0,0,1,0,0,0,0,0,0,0,0,0,1,0,0,0,0,1,0,0,0,0,0,0,0,0,0,0,1,0,0,0,0,0,0,0,0,0,1,1,331861,0,0,60,0,0,0,0,0,0,0,0,0,0,0,0,0,0,0,0,0,1,0
20,0,0,0,1,0,0,9,0,0,0,0,0,0,0,0,0,0,0,1,0,0,0,0,0,0,0,1,0,0,0,0,0,0,0,1,0,0,0,0,0,0,0,1,0,0,0,0,0,0,0,0,0,1,1,107242,0,0,40,0,0,0,0,0,0,0,0,0,0,0,0,0,0,0,0,0,1,0
28,0,0,0,1,0,0,9,0,0,0,0,0,0,0,0,0,0,0,1,0,0,0,0,0,0,0,1,0,0,0,0,0,0,1,0,0,0,0,0,0,0,0,1,0,0,0,0,0,0,0,0,0,1,1,129624,0,0,40,0,0,0,0,0,0,0,0,0,0,0,0,0,0,0,0,0,1,0
29,0,0,0,1,0,0,14,0,0,0,0,0,0,0,0,0,0,0,0,1,0,0,0,0,0,0,1,0,0,0,0,0,0,0,0,0,0,0,0,1,0,0,1,0,0,0,0,0,0,0,0,0,1,1,110226,0,0,65,0,0,0,0,0,0,0,0,0,0,0,0,0,0,0,0,0,1,0
32,0,0,0,1,0,0,9,0,0,0,0,0,0,0,0,0,0,0,1,0,0,0,0,0,0,0,1,0,0,0,0,0,0,0,0,1,0,0,0,0,0,0,1,0,0,0,0,0,0,0,0,0,1,0,178623,0,0,40,0,0,0,0,0,0,0,0,0,0,0,0,0,0,0,0,0,1,0
27,0,0,0,1,0,0,13,0,0,0,0,0,0,0,0,0,1,0,0,0,0,0,0,0,0,0,1,0,0,0,0,0,0,0,0,1,0,0,0,0,0,0,1,0,0,0,0,0,0,0,0,0,1,1,333296,0,0,30,0,0,0,0,0,0,0,0,0,0,0,0,0,0,0,0,0,1,0
27,0,0,0,1,0,0,14,0,0,0,0,0,0,0,0,0,0,0,0,1,0,0,0,0,0,0,1,0,0,0,0,0,0,0,0,0,0,0,0,0,1,0,1,0,0,0,0,0,0,0,0,0,1,1,142712,0,0,40,0,0,0,0,0,0,0,0,0,0,0,0,0,0,0,0,0,1,0
30,0,0,0,1,0,0,9,0,0,0,0,0,0,0,0,0,0,0,1,0,0,0,0,0,0,0,1,0,0,0,0,0,0,0,0,1,0,0,0,0,0,0,1,0,0,0,0,0,0,0,0,0,1,1,293936,0,0,50,0,0,0,0,0,0,0,0,0,0,0,0,0,0,0,0,0,1,0
34,0,0,0,1,0,0,10,0,0,0,0,0,0,0,0,0,0,0,0,0,0,0,1,0,0,0,1,0,0,0,0,0,0,1,0,0,0,0,0,0,0,0,1,0,0,0,0,0,0,0,1,0,0,1,591711,0,0,48,0,0,0,0,0,0,0,0,0,0,0,0,0,0,0,0,0,1,0
23,0,0,0,1,0,0,13,0,0,0,0,0,0,0,0,0,1,0,0,0,0,0,0,0,0,0,1,0,0,0,0,0,0,0,0,0,0,1,0,0,0,0,1,0,0,0,0,0,0,0,0,0,1,1,237432,0,0,40,0,0,0,0,0,0,0,0,0,0,0,0,0,0,0,0,0,1,0
25,0,0,0,1,0,0,10,0,0,0,0,0,0,0,0,0,0,0,0,0,0,0,1,0,0,0,1,0,0,1,0,0,0,0,0,0,0,0,0,0,0,0,1,0,0,0,0,0,0,0,0,0,1,1,326370,0,0,38,0,0,0,0,0,0,0,0,0,0,0,0,0,0,0,0,0,1,0
22,0,0,0,1,0,0,9,0,0,0,0,0,0,0,0,0,0,0,1,0,0,0,0,0,0,0,1,0,0,0,0,0,0,0,0,1,0,0,0,0,0,0,1,0,0,0,0,0,0,0,0,0,1,0,171176,0,0,48,0,0,0,0,0,0,0,0,0,0,0,0,0,0,0,0,0,1,0
51,0,0,0,1,0,0,9,0,0,0,0,0,0,0,0,0,0,0,1,0,0,0,0,0,0,0,1,0,0,0,0,0,1,0,0,0,0,0,0,0,0,0,1,0,0,0,0,0,0,0,0,0,1,1,64643,0,0,60,0,0,0,0,0,0,0,0,0,0,0,0,0,0,0,0,0,1,0
23,0,0,0,1,0,0,10,0,0,0,0,0,0,0,0,0,0,0,0,0,0,0,1,0,0,0,1,0,0,0,0,1,0,0,0,0,0,0,0,0,0,0,1,0,0,0,0,0,0,0,0,0,1,1,118023,0,0,45,0,0,0,0,0,0,0,0,0,0,0,0,0,0,0,0,0,1,0
36,0,0,0,1,0,0,8,0,0,0,0,0,0,1,0,0,0,0,0,0,0,0,0,0,0,0,1,0,0,0,0,0,0,0,0,0,0,0,0,0,0,1,1,0,0,0,0,0,0,0,0,0,1,1,137421,0,0,45,0,0,0,0,0,0,0,0,0,0,0,0,0,0,0,0,0,1,0
28,0,0,0,1,0,0,13,0,0,0,0,0,0,0,0,0,1,0,0,0,0,0,0,0,0,0,1,0,0,1,0,0,0,0,0,0,0,0,0,0,0,0,1,0,0,0,0,0,0,0,0,0,1,0,175710,0,0,30,0,0,0,0,0,0,0,0,0,0,0,0,0,0,0,0,0,1,0
30,0,0,0,1,0,0,10,0,0,0,0,0,0,0,0,0,0,0,0,0,0,0,1,0,0,0,1,0,0,1,0,0,0,0,0,0,0,0,0,0,0,0,1,0,0,0,0,0,0,0,0,0,1,1,215441,0,0,40,0,0,0,0,0,0,0,0,0,0,0,0,0,0,0,0,0,1,0
47,0,0,0,0,1,0,4,0,0,1,0,0,0,0,0,0,0,0,0,0,0,0,0,0,0,0,1,0,0,0,1,0,0,0,0,0,0,0,0,0,0,0,1,0,0,0,0,0,0,0,1,0,0,1,119471,0,0,40,0,0,0,0,0,0,0,0,0,0,0,0,0,0,0,0,0,1,0
58,0,0,0,0,1,0,16,0,0,0,0,0,0,0,0,0,0,1,0,0,0,0,0,0,0,0,1,0,0,0,0,0,0,0,0,0,0,1,0,0,0,0,1,0,0,0,0,0,0,0,1,0,0,0,181974,0,0,99,0,0,0,0,0,0,0,0,0,0,0,0,0,0,0,0,0,1,0
41,0,0,0,0,0,1,9,0,0,0,0,0,0,0,0,0,0,0,1,0,0,0,0,0,0,0,1,0,0,0,0,0,0,0,0,0,0,0,0,1,0,0,1,0,0,0,0,0,0,0,0,0,1,1,195124,0,0,50,0,0,0,0,0,0,0,0,0,0,0,0,0,0,0,0,0,1,0
36,0,0,0,0,0,1,16,0,0,0,0,0,0,0,0,0,0,1,0,0,0,0,0,0,0,0,1,0,0,0,0,0,0,0,0,0,0,1,0,0,0,0,1,0,0,0,0,0,0,0,1,0,0,1,343721,0,0,30,0,0,0,0,0,0,0,0,0,0,0,0,0,0,0,0,0,1,1
42,0,0,0,0,0,1,16,0,0,0,0,0,0,0,0,0,0,1,0,0,0,0,0,0,0,0,1,0,0,0,0,0,0,0,0,0,0,1,0,0,0,0,1,0,0,0,0,0,0,0,0,0,1,1,115323,0,0,7,0,0,0,0,0,0,0,0,0,0,0,0,0,0,0,0,0,1,0
42,0,0,0,0,0,1,13,0,0,0,0,0,0,0,0,0,1,0,0,0,0,0,0,0,0,0,1,0,0,0,0,0,0,0,0,0,0,1,0,0,0,0,1,0,0,0,0,0,0,1,0,0,0,1,183765,0,0,50,0,0,0,0,0,0,0,0,0,0,0,0,0,0,0,0,0,1,0
33,0,0,0,0,0,1,13,0,0,0,0,0,0,0,0,0,1,0,0,0,0,0,0,0,0,0,1,0,0,0,0,0,0,0,0,0,0,0,0,0,0,1,1,0,0,0,0,0,0,0,1,0,0,1,182926,0,0,40,0,0,0,0,0,0,0,0,0,0,0,0,0,0,0,0,0,1,0
31,0,0,0,0,0,1,9,0,0,0,0,0,0,0,0,0,0,0,1,0,0,0,0,0,0,0,1,0,0,0,0,0,0,0,0,0,0,0,0,1,0,0,1,0,0,0,0,0,0,0,0,0,1,1,209213,0,0,40,0,0,0,0,0,0,0,0,0,0,0,0,0,0,0,0,0,1,0
29,0,0,1,0,0,0,14,0,0,0,0,0,0,0,0,0,0,0,0,1,0,0,0,0,0,0,1,0,0,0,0,1,0,0,0,0,0,0,0,0,0,0,1,0,0,0,0,0,0,0,0,0,1,1,106334,0,0,40,0,0,0,0,0,0,0,0,0,0,0,0,0,0,0,0,0,1,0
22,0,0,1,0,0,0,10,0,0,0,0,0,0,0,0,0,0,0,0,0,0,0,1,0,0,0,1,0,0,0,0,0,0,0,0,0,0,1,0,0,0,0,1,0,0,0,0,0,0,0,0,0,1,1,156773,0,0,15,0,0,0,0,0,0,0,0,0,0,0,0,0,0,0,0,0,1,0
61,0,1,0,0,0,0,13,0,0,0,0,0,0,0,0,0,1,0,0,0,0,0,0,0,0,0,0,1,0,0,0,0,0,0,0,0,0,1,0,0,0,0,1,0,0,0,0,0,0,0,0,0,1,1,192060,0,0,30,0,0,0,0,0,0,0,0,0,0,0,0,0,0,0,0,0,1,0
62,0,1,0,0,0,0,14,0,0,0,0,0,0,0,0,0,0,0,0,1,0,0,0,0,0,0,0,1,0,0,0,0,0,0,0,0,0,1,0,0,0,0,1,0,0,0,0,0,0,0,0,0,1,0,41793,0,0,50,0,0,0,0,0,0,0,0,0,0,0,0,0,0,0,0,0,1,0
42,0,1,0,0,0,0,9,0,0,0,0,0,0,0,0,0,0,0,1,0,0,0,0,0,0,0,0,1,0,0,0,0,0,0,0,1,0,0,0,0,0,0,1,0,0,0,0,0,0,0,0,0,1,0,226020,0,0,60,0,0,0,0,0,0,0,0,0,0,0,0,0,0,0,0,0,1,0
36,0,0,0,1,0,0,13,0,0,0,0,0,0,0,0,0,1,0,0,0,0,0,0,0,0,0,0,1,0,0,0,0,0,0,0,0,0,1,0,0,0,0,1,0,0,0,0,0,0,0,0,0,1,1,271767,0,0,40,0,0,0,0,0,0,0,0,0,0,0,0,0,0,0,0,0,1,0
34,0,0,0,1,0,0,5,0,0,0,1,0,0,0,0,0,0,0,0,0,0,0,0,0,0,0,0,1,0,0,1,0,0,0,0,0,0,0,0,0,0,0,1,0,0,0,0,0,0,0,0,0,1,1,230246,0,0,40,0,0,0,0,0,0,0,0,0,0,0,0,0,0,0,0,0,1,0
37,0,0,0,1,0,0,10,0,0,0,0,0,0,0,0,0,0,0,0,0,0,0,1,0,0,0,0,1,0,0,0,0,0,0,0,1,0,0,0,0,0,0,1,0,0,0,0,0,0,0,0,0,1,1,59313,0,0,40,0,0,0,0,0,0,0,0,0,0,0,0,0,0,0,0,0,1,0
55,0,0,0,1,0,0,13,0,0,0,0,0,0,0,0,0,1,0,0,0,0,0,0,0,0,0,0,1,0,0,1,0,0,0,0,0,0,0,0,0,0,0,1,0,0,0,0,0,0,0,0,0,1,1,196126,0,0,40,0,0,0,0,0,0,0,0,0,0,0,0,0,0,0,0,0,1,0
32,0,0,0,1,0,0,9,0,0,0,0,0,0,0,0,0,0,0,1,0,0,0,0,0,0,0,0,1,0,0,0,1,0,0,0,0,0,0,0,0,0,0,1,0,0,0,0,0,0,0,0,0,1,1,209317,0,0,40,0,0,0,0,0,0,0,0,0,0,0,0,0,0,0,0,0,1,0
34,0,0,0,1,0,0,9,0,0,0,0,0,0,0,0,0,0,0,1,0,0,0,0,0,0,0,0,1,0,0,0,0,0,0,0,1,0,0,0,0,0,0,1,0,0,0,0,0,0,0,0,0,1,0,182714,0,0,35,0,0,0,0,0,0,0,0,0,0,0,0,0,0,0,0,0,1,0
56,0,0,0,0,0,1,2,1,0,0,0,0,0,0,0,0,0,0,0,0,0,0,0,0,0,0,0,1,0,0,0,1,0,0,0,0,0,0,0,0,0,0,1,0,0,0,0,0,0,0,0,0,1,1,236731,0,0,25,0,0,0,0,0,0,0,0,0,0,0,0,0,0,0,0,0,1,0
56,0,0,1,0,0,0,13,0,0,0,0,0,0,0,0,0,1,0,0,0,0,0,0,0,0,0,0,1,0,0,0,0,0,0,0,0,0,1,0,0,0,0,1,0,0,0,0,0,0,0,0,0,1,0,83696,0,0,38,0,0,0,0,0,0,0,0,0,0,0,0,0,0,0,0,0,1,0
74,0,0,0,1,0,0,5,0,0,0,1,0,0,0,0,0,0,0,0,0,0,0,0,0,0,0,0,0,1,0,1,0,0,0,0,0,0,0,0,0,0,0,1,0,0,0,0,0,0,0,1,0,0,1,194312,0,0,10,0,0,0,0,0,0,0,0,0,0,0,0,0,0,0,0,0,1,0
72,0,0,0,1,0,0,4,0,0,1,0,0,0,0,0,0,0,0,0,0,0,0,0,0,0,0,0,0,1,0,0,0,0,0,0,1,0,0,0,0,0,0,1,0,0,0,0,0,0,0,0,0,1,0,268861,0,0,99,0,0,0,0,0,0,0,0,0,0,0,0,0,0,0,0,0,1,0
46,0,0,0,0,1,0,13,0,0,0,0,0,0,0,0,0,1,0,0,0,0,0,0,0,0,0,0,0,1,0,0,1,0,0,0,0,0,0,0,0,0,0,1,0,0,0,0,0,0,0,0,0,1,0,200949,0,0,50,0,0,0,0,0,0,0,0,0,0,0,0,0,0,0,0,0,1,0
39,0,0,0,0,0,1,16,0,0,0,0,0,0,0,0,0,0,1,0,0,0,0,0,1,0,0,0,0,0,1,0,0,0,0,0,0,0,0,0,0,0,0,1,0,0,0,0,0,0,0,0,0,1,1,160120,0,0,40,0,0,0,0,0,0,0,0,0,0,0,0,0,0,0,0,0,1,0
42,0,0,0,1,0,0,4,0,0,1,0,0,0,0,0,0,0,0,0,0,0,0,0,0,1,0,0,0,0,0,0,0,0,0,0,1,0,0,0,0,0,0,1,0,0,0,0,0,0,0,0,0,1,0,143582,0,0,48,0,0,0,0,0,0,0,0,0,0,0,0,0,0,0,0,0,1,0
33,0,1,0,0,0,0,13,0,0,0,0,0,0,0,0,0,1,0,0,0,0,0,0,0,0,1,0,0,0,0,0,0,0,0,0,0,0,1,0,0,0,0,1,0,0,0,0,0,0,0,0,0,1,1,293063,0,0,40,0,0,0,0,0,0,0,0,0,0,0,0,0,0,0,0,0,1,0
50,0,0,0,1,0,0,14,0,0,0,0,0,0,0,0,0,0,0,0,1,0,0,0,0,0,1,0,0,0,0,0,0,0,0,0,0,0,1,0,0,0,0,1,0,0,0,0,0,0,0,0,0,1,1,196193,0,0,60,0,0,0,0,0,0,0,0,0,0,0,0,0,0,0,0,0,1,0
42,0,0,0,1,0,0,9,0,0,0,0,0,0,0,0,0,0,0,1,0,0,0,0,0,0,1,0,0,0,0,0,0,0,1,0,0,0,0,0,0,0,0,1,0,0,0,0,0,0,0,0,0,1,1,314649,0,0,40,0,0,0,0,0,0,0,0,0,0,0,0,0,0,0,0,0,1,0
26,0,0,0,1,0,0,12,0,0,0,0,0,0,0,1,0,0,0,0,0,0,0,0,0,0,1,0,0,0,0,1,0,0,0,0,0,0,0,0,0,0,0,1,0,0,0,0,0,0,0,0,0,1,0,130620,0,0,40,0,0,0,0,0,0,0,0,0,0,0,0,0,0,0,0,0,1,0
31,0,1,0,0,0,0,13,0,0,0,0,0,0,0,0,0,1,0,0,0,0,0,0,0,0,0,1,0,0,0,0,0,0,0,0,0,0,1,0,0,0,0,1,0,0,0,0,0,0,0,1,0,0,1,156464,0,0,40,0,0,0,0,0,0,0,0,0,0,0,0,0,0,0,0,0,1,0
37,0,0,0,1,0,0,9,0,0,0,0,0,0,0,0,0,0,0,1,0,0,0,0,0,0,0,1,0,0,0,0,0,0,0,0,0,0,0,0,0,0,1,1,0,0,0,0,0,0,0,0,0,1,1,163392,0,0,40,0,0,0,0,0,0,0,0,0,0,0,0,0,0,0,0,0,1,0
25,0,0,0,1,0,0,9,0,0,0,0,0,0,0,0,0,0,0,1,0,0,0,0,0,0,0,1,0,0,0,0,0,0,0,0,0,0,0,0,0,0,1,1,0,0,0,0,0,0,0,0,0,1,1,233777,0,0,40,0,0,0,0,0,0,0,0,0,0,0,0,0,0,0,0,0,1,0
26,0,0,0,1,0,0,9,0,0,0,0,0,0,0,0,0,0,0,1,0,0,0,0,0,0,0,1,0,0,0,0,0,0,0,0,1,0,0,0,0,0,0,1,0,0,0,0,0,0,0,0,0,1,1,149943,0,0,60,0,0,0,0,0,0,0,0,0,0,0,0,0,0,0,0,0,1,0
26,0,0,0,1,0,0,9,0,0,0,0,0,0,0,0,0,0,0,1,0,0,0,0,0,0,0,1,0,0,0,0,0,0,0,0,0,0,0,0,0,1,0,1,0,0,0,0,0,0,0,0,0,1,1,227489,0,0,40,0,0,0,0,0,0,0,0,0,0,0,0,0,0,0,0,0,1,0
22,0,0,0,1,0,0,9,0,0,0,0,0,0,0,0,0,0,0,1,0,0,0,0,0,0,0,1,0,0,0,0,0,0,0,0,0,0,0,0,1,0,0,1,0,0,0,0,0,0,0,0,0,1,1,412316,0,0,40,0,0,0,0,0,0,0,0,0,0,0,0,0,0,0,0,0,1,0
21,0,0,0,1,0,0,8,0,0,0,0,0,0,1,0,0,0,0,0,0,0,0,0,0,0,0,1,0,0,1,0,0,0,0,0,0,0,0,0,0,0,0,1,0,0,0,0,0,0,0,0,0,1,1,202570,0,0,48,0,0,0,0,0,0,0,0,0,0,0,0,0,0,0,0,0,1,0
49,0,0,0,1,0,0,11,0,0,0,0,0,0,0,0,1,0,0,0,0,0,0,0,0,0,0,1,0,0,0,0,0,0,0,0,0,0,0,0,1,0,0,1,0,0,0,0,0,0,0,0,0,1,1,133917,0,0,40,0,0,0,0,0,0,0,0,0,0,0,0,0,0,0,0,0,1,0
32,0,0,0,1,0,0,10,0,0,0,0,0,0,0,0,0,0,0,0,0,0,0,1,0,0,0,1,0,0,0,0,0,0,0,0,1,0,0,0,0,0,0,1,0,0,0,0,0,0,0,0,0,1,1,154571,0,0,40,0,0,0,0,0,0,0,0,0,0,0,0,0,0,0,0,0,1,0
31,0,0,0,1,0,0,10,0,0,0,0,0,0,0,0,0,0,0,0,0,0,0,1,0,0,0,1,0,0,0,0,0,0,0,0,0,0,0,1,0,0,0,1,0,0,0,0,0,0,0,0,0,1,1,217962,0,0,40,0,0,0,0,0,0,0,0,0,0,0,0,0,0,0,0,0,1,0
28,0,0,0,1,0,0,9,0,0,0,0,0,0,0,0,0,0,0,1,0,0,0,0,0,0,0,1,0,0,1,0,0,0,0,0,0,0,0,0,0,0,0,1,0,0,0,0,0,0,0,0,0,1,1,315287,0,0,40,0,0,0,0,0,0,0,0,0,0,0,0,0,0,0,0,0,1,0
22,0,0,0,1,0,0,9,0,0,0,0,0,0,0,0,0,0,0,1,0,0,0,0,0,0,0,1,0,0,0,0,0,0,0,0,1,0,0,0,0,0,0,1,0,0,0,0,0,0,0,0,0,1,1,166371,0,0,40,0,0,0,0,0,0,0,0,0,0,0,0,0,0,0,0,0,1,0
31,0,0,0,1,0,0,10,0,0,0,0,0,0,0,0,0,0,0,0,0,0,0,1,0,0,0,1,0,0,0,0,0,0,0,0,0,0,0,0,1,0,0,1,0,0,0,0,0,0,0,0,0,1,0,164707,0,0,40,0,0,0,0,0,0,0,0,0,0,0,0,0,0,0,0,0,1,0
36,0,0,0,1,0,0,9,0,0,0,0,0,0,0,0,0,0,0,1,0,0,0,0,0,0,0,1,0,0,0,0,0,0,0,0,0,0,0,0,1,0,0,1,0,0,0,0,0,0,0,0,0,1,0,156780,0,0,40,0,0,0,0,0,0,0,0,0,0,0,0,0,0,0,0,0,1,0
36,0,0,0,1,0,0,13,0,0,0,0,0,0,0,0,0,1,0,0,0,0,0,0,0,0,0,1,0,0,0,0,1,0,0,0,0,0,0,0,0,0,0,1,0,0,0,0,0,0,0,0,0,1,1,358682,0,0,50,0,0,0,0,0,0,0,0,0,0,0,0,0,0,0,0,0,1,0
25,0,0,0,1,0,0,11,0,0,0,0,0,0,0,0,1,0,0,0,0,0,0,0,0,0,0,1,0,0,0,0,0,0,0,0,1,0,0,0,0,0,0,1,0,0,0,0,0,0,0,0,0,1,0,226891,0,0,40,0,0,0,0,0,0,0,0,0,0,0,0,0,0,0,0,0,1,0
26,0,0,0,1,0,0,10,0,0,0,0,0,0,0,0,0,0,0,0,0,0,0,1,0,0,0,1,0,0,0,0,0,0,1,0,0,0,0,0,0,0,0,1,0,0,0,0,0,0,0,0,0,1,1,227489,0,0,40,0,0,0,0,0,0,0,0,0,0,0,0,0,0,0,0,0,1,0
31,0,0,0,1,0,0,9,0,0,0,0,0,0,0,0,0,0,0,1,0,0,0,0,0,0,0,1,0,0,0,0,0,0,0,0,1,0,0,0,0,0,0,1,0,0,0,0,0,0,0,0,0,1,0,190027,0,0,40,0,0,0,0,0,0,0,0,0,0,0,0,0,0,0,0,0,1,0
51,0,0,0,0,1,0,9,0,0,0,0,0,0,0,0,0,0,0,1,0,0,0,0,0,0,0,1,0,0,0,0,0,0,0,0,0,0,0,0,1,0,0,1,0,0,0,0,0,0,0,0,0,1,1,129525,0,0,40,0,0,0,0,0,0,0,0,0,0,0,0,0,0,0,0,0,1,0
42,0,0,0,0,0,1,9,0,0,0,0,0,0,0,0,0,0,0,1,0,0,0,0,1,0,0,0,0,0,0,0,0,0,0,0,0,0,0,0,1,0,0,1,0,0,0,0,0,0,0,1,0,0,1,217597,0,0,50,0,0,0,0,0,0,0,0,0,0,0,0,0,0,0,0,0,1,0
20,0,0,0,1,0,0,9,0,0,0,0,0,0,0,0,0,0,0,1,0,0,0,0,0,1,0,0,0,0,0,0,0,0,0,0,0,0,1,0,0,0,0,1,0,0,0,0,0,0,0,0,0,1,0,219266,0,0,36,0,0,0,0,0,0,0,0,0,0,0,0,0,0,0,0,0,1,0
26,0,0,0,1,0,0,12,0,0,0,0,0,0,0,1,0,0,0,0,0,0,0,0,0,1,0,0,0,0,1,0,0,0,0,0,0,0,0,0,0,0,0,1,0,0,0,0,0,0,0,0,0,1,0,181666,0,0,40,0,0,0,0,0,0,0,0,0,0,0,0,0,0,0,0,0,1,0
40,0,0,0,1,0,0,13,0,0,0,0,0,0,0,0,0,1,0,0,0,0,0,0,0,0,1,0,0,0,0,0,0,0,0,0,0,0,0,0,0,0,1,1,0,0,0,0,0,0,0,0,0,1,1,214891,0,0,45,0,0,0,0,0,0,0,0,0,0,0,0,0,0,0,0,0,1,0
24,1,0,0,0,0,0,13,0,0,0,0,0,0,0,0,0,1,0,0,0,0,0,0,0,0,0,1,0,0,0,0,0,0,0,0,0,0,0,0,0,1,0,1,0,0,0,0,0,0,0,0,0,1,0,215115,0,0,40,0,0,0,0,0,0,0,0,0,0,0,0,0,0,0,0,0,1,0
22,0,1,0,0,0,0,11,0,0,0,0,0,0,0,0,1,0,0,0,0,0,0,0,0,0,0,1,0,0,1,0,0,0,0,0,0,0,0,0,0,0,0,1,0,0,0,0,0,0,0,0,0,1,0,211129,0,0,10,0,0,0,0,0,0,0,0,0,0,0,0,0,0,0,0,0,1,0
24,0,1,0,0,0,0,12,0,0,0,0,0,0,0,1,0,0,0,0,0,0,0,0,0,0,0,1,0,0,1,0,0,0,0,0,0,0,0,0,0,0,0,1,0,0,0,0,0,0,0,0,0,1,0,212210,0,0,20,0,0,0,0,0,0,0,0,0,0,0,0,0,0,0,0,0,1,0
18,0,0,0,1,0,0,9,0,0,0,0,0,0,0,0,0,0,0,1,0,0,0,0,0,0,0,1,0,0,0,0,0,0,0,0,1,0,0,0,0,0,0,1,0,0,0,0,0,0,0,0,0,1,0,226956,0,0,30,0,0,0,0,0,0,0,0,0,0,0,0,0,0,0,0,0,1,0
31,0,0,0,1,0,0,13,0,0,0,0,0,0,0,0,0,1,0,0,0,0,0,0,0,0,0,1,0,0,0,0,0,0,0,0,0,0,0,0,1,0,0,1,0,0,0,0,0,0,0,0,0,1,1,169104,0,0,40,0,0,0,0,0,0,0,0,0,0,0,0,0,0,0,0,0,1,0
28,0,0,0,1,0,0,9,0,0,0,0,0,0,0,0,0,0,0,1,0,0,0,0,0,0,0,1,0,0,0,0,0,0,0,0,1,0,0,0,0,0,0,1,0,0,0,0,0,0,0,0,0,1,0,173649,0,0,40,0,0,0,0,0,0,0,0,0,0,0,0,0,0,0,0,0,1,0
37,0,0,0,1,0,0,9,0,0,0,0,0,0,0,0,0,0,0,1,0,0,0,0,0,0,0,1,0,0,0,0,1,0,0,0,0,0,0,0,0,0,0,1,0,0,0,0,0,0,0,0,0,1,1,325538,0,0,60,0,0,0,0,0,0,0,0,0,0,0,0,0,0,0,0,0,1,0
42,0,0,0,1,0,0,9,0,0,0,0,0,0,0,0,0,0,0,1,0,0,0,0,0,0,0,1,0,0,0,1,0,0,0,0,0,0,0,0,0,0,0,1,0,0,0,0,0,0,0,0,0,1,1,217826,0,0,40,0,0,0,0,0,0,0,0,0,0,0,0,0,0,0,0,0,1,0
21,0,0,0,1,0,0,10,0,0,0,0,0,0,0,0,0,0,0,0,0,0,0,1,0,0,0,1,0,0,0,0,0,0,0,0,1,0,0,0,0,0,0,1,0,0,0,0,0,0,0,0,0,1,1,182606,0,0,40,0,0,0,0,0,0,0,0,0,0,0,0,0,0,0,0,0,1,0
20,0,0,0,1,0,0,10,0,0,0,0,0,0,0,0,0,0,0,0,0,0,0,1,0,0,0,1,0,0,1,0,0,0,0,0,0,0,0,0,0,0,0,1,0,0,0,0,0,0,0,0,0,1,0,54152,0,0,30,0,0,0,0,0,0,0,0,0,0,0,0,0,0,0,0,0,1,0
18,0,0,0,1,0,0,10,0,0,0,0,0,0,0,0,0,0,0,0,0,0,0,1,0,0,0,1,0,0,0,0,0,0,0,0,1,0,0,0,0,0,0,1,0,0,0,0,0,1,0,0,0,0,0,146378,0,0,40,0,0,0,0,0,0,0,0,0,0,0,0,0,0,0,0,0,1,0
24,0,0,0,1,0,0,9,0,0,0,0,0,0,0,0,0,0,0,1,0,0,0,0,0,0,0,1,0,0,0,0,0,0,0,0,0,0,0,0,0,0,1,1,0,0,0,0,0,0,0,0,0,1,1,184400,0,0,30,0,0,0,0,0,0,0,0,0,0,0,0,0,0,0,0,0,1,0
21,0,0,0,1,0,0,10,0,0,0,0,0,0,0,0,0,0,0,0,0,0,0,1,0,0,0,1,0,0,0,0,0,0,0,0,0,0,0,0,1,0,0,1,0,0,0,0,0,0,0,0,0,1,1,206861,0,0,20,0,0,0,0,0,0,0,0,0,0,0,0,0,0,0,0,0,1,0
21,0,0,0,1,0,0,9,0,0,0,0,0,0,0,0,0,0,0,1,0,0,0,0,0,0,0,1,0,0,0,0,0,0,0,0,0,0,0,0,1,0,0,1,0,0,0,0,0,0,0,0,0,1,0,206492,0,0,40,0,0,0,0,0,0,0,0,0,0,0,0,0,0,0,0,0,1,0
30,0,0,0,1,0,0,13,0,0,0,0,0,0,0,0,0,1,0,0,0,0,0,0,0,0,0,1,0,0,0,0,0,0,0,0,0,0,1,0,0,0,0,1,0,0,0,0,0,0,0,0,0,1,1,179112,0,0,40,0,0,0,0,0,0,0,0,0,0,0,0,0,0,0,0,0,1,0
18,0,0,0,1,0,0,7,0,0,0,0,0,1,0,0,0,0,0,0,0,0,0,0,0,0,0,1,0,0,0,0,0,0,0,0,0,0,0,0,1,0,0,1,0,0,0,0,0,0,0,0,0,1,0,74054,0,0,20,0,0,0,0,0,0,0,0,0,0,0,0,0,0,0,0,0,1,0
20,0,0,0,1,0,0,10,0,0,0,0,0,0,0,0,0,0,0,0,0,0,0,1,0,0,0,1,0,0,0,0,0,0,0,0,0,0,0,0,1,0,0,1,0,0,0,0,0,0,0,0,0,1,1,197496,0,0,30,0,0,0,0,0,0,0,0,0,0,0,0,0,0,0,0,0,1,0
27,0,0,0,1,0,0,4,0,0,1,0,0,0,0,0,0,0,0,0,0,0,0,0,0,0,0,1,0,0,0,0,0,1,0,0,0,0,0,0,0,0,0,1,0,0,0,0,0,0,0,0,0,1,1,210867,0,0,50,0,0,0,0,0,0,0,0,0,0,0,0,0,0,0,0,0,1,0
19,0,0,0,1,0,0,10,0,0,0,0,0,0,0,0,0,0,0,0,0,0,0,1,0,0,0,1,0,0,0,0,0,0,0,0,0,0,0,0,0,1,0,1,0,0,0,0,0,0,0,0,0,1,0,158343,0,0,40,0,0,0,0,0,0,0,0,0,0,0,0,0,0,0,0,0,1,0
18,0,0,0,1,0,0,10,0,0,0,0,0,0,0,0,0,0,0,0,0,0,0,1,0,0,0,1,0,0,0,0,0,0,0,0,1,0,0,0,0,0,0,1,0,0,0,0,0,0,0,0,0,1,1,120691,0,0,35,0,0,0,0,0,0,0,0,0,0,0,0,0,0,0,0,0,1,0
36,0,0,0,1,0,0,9,0,0,0,0,0,0,0,0,0,0,0,1,0,0,0,0,0,0,0,1,0,0,0,0,0,0,0,0,0,0,0,0,1,0,0,1,0,0,0,0,0,0,0,0,0,1,1,135162,0,0,45,0,0,0,0,0,0,0,0,0,0,0,0,0,0,0,0,0,1,0
19,0,0,0,1,0,0,10,0,0,0,0,0,0,0,0,0,0,0,0,0,0,0,1,0,0,0,1,0,0,1,0,0,0,0,0,0,0,0,0,0,0,0,1,0,0,0,0,0,0,0,0,0,1,0,258633,0,0,25,0,0,0,0,0,0,0,0,0,0,0,0,0,0,0,0,0,1,0
31,0,0,0,1,0,0,9,0,0,0,0,0,0,0,0,0,0,0,1,0,0,0,0,0,0,0,1,0,0,0,0,0,0,0,1,0,0,0,0,0,0,0,1,0,0,0,0,0,0,0,0,0,1,1,166343,0,0,50,0,0,0,0,0,0,0,0,0,0,0,0,0,0,0,0,0,1,0
22,0,0,0,1,0,0,10,0,0,0,0,0,0,0,0,0,0,0,0,0,0,0,1,0,0,0,1,0,0,0,0,1,0,0,0,0,0,0,0,0,0,0,1,0,0,0,0,0,0,0,0,0,1,0,112164,0,0,40,0,0,0,0,0,0,0,0,0,0,0,0,0,0,0,0,0,1,0
18,0,0,0,1,0,0,10,0,0,0,0,0,0,0,0,0,0,0,0,0,0,0,1,0,0,0,1,0,0,0,0,0,0,0,0,1,0,0,0,0,0,0,1,0,0,0,0,0,0,0,0,0,1,0,118376,0,0,16,0,0,0,0,0,0,0,0,0,0,0,0,0,0,0,0,0,1,0
26,0,0,0,1,0,0,9,0,0,0,0,0,0,0,0,0,0,0,1,0,0,0,0,0,0,0,1,0,0,1,0,0,0,0,0,0,0,0,0,0,0,0,1,0,0,0,0,0,0,0,0,0,1,1,153078,0,0,80,0,0,0,0,0,0,0,0,0,0,0,0,0,0,0,0,0,1,1
19,0,0,0,1,0,0,7,0,0,0,0,0,1,0,0,0,0,0,0,0,0,0,0,0,0,0,1,0,0,0,0,0,0,0,0,0,0,0,0,1,0,0,1,0,0,0,0,0,0,0,0,0,1,1,223648,0,0,20,0,0,0,0,0,0,0,0,0,0,0,0,0,0,0,0,0,1,0
26,0,0,0,1,0,0,13,0,0,0,0,0,0,0,0,0,1,0,0,0,0,0,0,0,0,0,1,0,0,0,0,0,0,0,0,0,0,0,0,1,0,0,1,0,0,0,0,0,0,0,0,0,1,0,147821,0,0,45,0,0,0,0,0,0,0,0,0,0,0,0,0,0,0,0,0,1,0
20,0,0,0,1,0,0,10,0,0,0,0,0,0,0,0,0,0,0,0,0,0,0,1,0,0,0,1,0,0,0,0,0,0,0,0,0,0,0,0,1,0,0,1,0,0,0,0,0,0,0,0,0,1,1,219835,0,0,30,0,0,0,0,0,0,0,0,0,0,0,0,0,0,0,0,0,1,0
18,0,0,0,1,0,0,10,0,0,0,0,0,0,0,0,0,0,0,0,0,0,0,1,0,0,0,1,0,0,0,0,0,0,0,0,0,0,0,0,1,0,0,1,0,0,0,0,0,0,0,0,0,1,1,205894,0,0,25,0,0,0,0,0,0,0,0,0,0,0,0,0,0,0,0,0,1,0
33,0,0,0,1,0,0,9,0,0,0,0,0,0,0,0,0,0,0,1,0,0,0,0,0,0,0,1,0,0,0,0,0,0,0,1,0,0,0,0,0,0,0,1,0,0,0,0,0,0,0,1,0,0,0,137310,0,0,40,0,0,0,0,0,0,0,0,0,0,0,0,0,0,0,0,0,1,0
24,0,0,0,1,0,0,9,0,0,0,0,0,0,0,0,0,0,0,1,0,0,0,0,0,0,0,1,0,0,0,0,0,0,0,0,1,0,0,0,0,0,0,1,0,0,0,0,0,0,0,1,0,0,0,229553,0,0,20,0,0,0,0,0,0,0,0,0,0,0,0,0,0,0,0,0,1,0
21,0,0,0,1,0,0,10,0,0,0,0,0,0,0,0,0,0,0,0,0,0,0,1,0,0,0,1,0,0,0,0,0,0,0,1,0,0,0,0,0,0,0,1,0,0,0,0,0,0,0,0,0,1,1,86625,0,0,40,0,0,0,0,0,0,0,0,0,0,0,0,0,0,0,0,0,1,0
30,0,0,0,1,0,0,15,0,0,0,0,0,0,0,0,0,0,0,0,0,0,1,0,0,0,0,1,0,0,0,0,0,0,0,0,0,0,1,0,0,0,0,1,0,0,0,0,0,0,0,0,0,1,0,158200,0,0,40,0,0,0,0,0,0,0,0,0,0,0,0,0,0,0,0,0,1,0
27,0,0,0,1,0,0,3,0,1,0,0,0,0,0,0,0,0,0,0,0,0,0,0,0,0,0,1,0,0,0,1,0,0,0,0,0,0,0,0,0,0,0,1,0,0,0,0,0,0,0,0,0,1,1,169958,0,0,40,0,0,0,0,0,0,0,0,0,0,0,0,0,0,0,0,0,1,0
26,0,0,0,1,0,0,9,0,0,0,0,0,0,0,0,0,0,0,1,0,0,0,0,0,0,0,1,0,0,1,0,0,0,0,0,0,0,0,0,0,0,0,1,0,0,0,0,0,0,0,0,0,1,1,90277,0,0,40,0,0,0,0,0,0,0,0,0,0,0,0,0,0,0,0,0,1,0
21,0,0,0,1,0,0,10,0,0,0,0,0,0,0,0,0,0,0,0,0,0,0,1,0,0,0,1,0,0,0,0,0,0,0,0,1,0,0,0,0,0,0,1,0,0,0,0,0,0,0,0,0,1,0,143604,0,0,29,0,0,0,0,0,0,0,0,0,0,0,0,0,0,0,0,0,1,0
19,0,0,0,1,0,0,8,0,0,0,0,0,0,1,0,0,0,0,0,0,0,0,0,0,0,0,1,0,0,1,0,0,0,0,0,0,0,0,0,0,0,0,1,0,0,0,0,0,0,0,0,0,1,1,254247,0,0,38,0,0,0,0,0,0,0,0,0,0,0,0,0,0,0,0,0,1,0
20,0,0,0,1,0,0,10,0,0,0,0,0,0,0,0,0,0,0,0,0,0,0,1,0,0,0,1,0,0,1,0,0,0,0,0,0,0,0,0,0,0,0,1,0,0,0,0,0,1,0,0,0,0,0,153583,0,0,40,0,0,0,0,0,0,0,0,0,0,0,0,0,0,0,0,0,1,0
21,0,0,0,1,0,0,10,0,0,0,0,0,0,0,0,0,0,0,0,0,0,0,1,0,0,0,1,0,0,0,0,0,0,0,1,0,0,0,0,0,0,0,1,0,0,0,0,0,0,0,0,0,1,1,335570,0,0,30,0,0,0,0,0,0,0,0,0,0,0,0,0,0,0,0,0,1,0
21,0,0,0,1,0,0,9,0,0,0,0,0,0,0,0,0,0,0,1,0,0,0,0,0,0,0,1,0,0,0,1,0,0,0,0,0,0,0,0,0,0,0,1,0,0,0,0,0,0,0,0,0,1,1,215039,0,0,13,0,0,0,0,0,0,0,0,0,0,0,0,0,0,0,0,0,1,0
21,0,0,0,1,0,0,10,0,0,0,0,0,0,0,0,0,0,0,0,0,0,0,1,0,0,0,1,0,0,1,0,0,0,0,0,0,0,0,0,0,0,0,1,0,0,0,0,0,0,0,0,0,1,1,27255,0,0,40,0,0,0,0,0,0,0,0,0,0,0,0,0,0,0,0,0,1,0
23,0,0,0,1,0,0,6,0,0,0,0,1,0,0,0,0,0,0,0,0,0,0,0,0,0,0,1,0,0,0,0,0,0,0,0,0,0,0,0,0,0,1,1,0,0,0,0,0,0,0,0,0,1,1,184400,0,0,30,0,0,0,0,0,0,0,0,0,0,0,0,0,0,0,0,0,1,0
22,0,0,0,1,0,0,9,0,0,0,0,0,0,0,0,0,0,0,1,0,0,0,0,0,0,0,1,0,0,0,0,0,0,0,0,0,0,0,0,1,0,0,1,0,0,0,0,0,0,0,0,0,1,0,65704,0,0,40,0,0,0,0,0,0,0,0,0,0,0,0,0,0,0,0,0,1,0
17,0,0,0,1,0,0,7,0,0,0,0,0,1,0,0,0,0,0,0,0,0,0,0,0,0,0,1,0,0,0,0,0,0,1,0,0,0,0,0,0,0,0,1,0,0,0,0,0,0,0,0,0,1,1,113301,0,0,12,0,0,0,0,0,0,0,0,0,0,0,0,0,0,0,0,0,1,0
20,0,0,0,1,0,0,9,0,0,0,0,0,0,0,0,0,0,0,1,0,0,0,0,0,0,0,1,0,0,0,0,0,0,0,0,1,0,0,0,0,0,0,1,0,0,0,0,0,0,0,0,0,1,0,178469,0,0,15,0,0,0,0,0,0,0,0,0,0,0,0,0,0,0,0,0,1,0
28,0,0,0,1,0,0,10,0,0,0,0,0,0,0,0,0,0,0,0,0,0,0,1,0,0,0,1,0,0,0,0,1,0,0,0,0,0,0,0,0,0,0,1,0,0,0,0,0,0,0,0,0,1,0,248911,0,0,40,0,0,0,0,0,0,0,0,0,0,0,0,0,0,0,0,0,1,0
24,0,0,0,1,0,0,10,0,0,0,0,0,0,0,0,0,0,0,0,0,0,0,1,0,0,0,1,0,0,0,0,0,0,0,0,1,0,0,0,0,0,0,1,0,0,0,0,0,0,0,0,0,1,0,29302,0,0,40,0,0,0,0,0,0,0,0,0,0,0,0,0,0,0,0,0,1,0
18,0,0,0,1,0,0,5,0,0,0,1,0,0,0,0,0,0,0,0,0,0,0,0,0,0,0,1,0,0,0,0,0,0,0,0,1,0,0,0,0,0,0,1,0,0,0,0,0,0,0,0,0,1,1,174926,0,0,15,0,0,0,0,0,0,0,0,0,0,0,0,0,0,0,0,0,1,0
23,0,0,0,1,0,0,13,0,0,0,0,0,0,0,0,0,1,0,0,0,0,0,0,0,0,0,1,0,0,0,0,1,0,0,0,0,0,0,0,0,0,0,1,0,0,0,0,0,0,0,0,0,1,1,216672,0,0,30,0,0,0,0,0,0,0,0,0,0,0,0,0,0,0,0,0,1,0
18,0,0,0,0,0,1,9,0,0,0,0,0,0,0,0,0,0,0,1,0,0,0,0,0,0,0,1,0,0,0,0,0,0,0,0,0,0,0,0,1,0,0,1,0,0,0,0,0,0,0,0,0,1,1,296090,0,0,48,0,0,0,0,0,0,0,0,0,0,0,0,0,0,0,0,0,1,0
24,0,0,1,0,0,0,10,0,0,0,0,0,0,0,0,0,0,0,0,0,0,0,1,0,0,0,1,0,0,1,0,0,0,0,0,0,0,0,0,0,0,0,1,0,0,0,0,0,0,0,0,0,1,1,506329,0,0,40,0,0,0,0,0,0,0,0,0,0,0,0,0,0,0,0,0,1,0
46,1,0,0,0,0,0,9,0,0,0,0,0,0,0,0,0,0,0,1,0,0,0,0,1,0,0,0,0,0,1,0,0,0,0,0,0,0,0,0,0,0,0,1,0,0,0,0,0,0,0,0,0,1,0,233555,0,0,40,0,0,0,0,0,0,0,0,0,0,0,0,0,0,0,0,0,1,0
37,1,0,0,0,0,0,9,0,0,0,0,0,0,0,0,0,0,0,1,0,0,0,0,1,0,0,0,0,0,0,0,0,0,0,0,0,0,1,0,0,0,0,1,0,0,0,0,0,0,0,0,0,1,0,81853,0,0,40,0,0,0,0,0,0,0,0,0,0,0,0,0,0,0,0,0,1,0
44,0,1,0,0,0,0,14,0,0,0,0,0,0,0,0,0,0,0,0,1,0,0,0,1,0,0,0,0,0,0,0,0,0,0,0,0,0,1,0,0,0,0,1,0,0,0,0,0,0,0,1,0,0,0,135056,0,0,16,0,0,0,0,0,0,0,0,0,0,0,0,0,0,0,0,0,1,0
42,0,0,0,1,0,0,13,0,0,0,0,0,0,0,0,0,1,0,0,0,0,0,0,1,0,0,0,0,0,0,0,0,0,0,0,0,0,0,0,1,0,0,1,0,0,0,0,0,0,0,0,0,1,1,153132,0,0,45,0,0,0,0,0,0,0,0,0,0,0,0,0,0,0,0,0,1,0
46,0,0,0,1,0,0,10,0,0,0,0,0,0,0,0,0,0,0,0,0,0,0,1,1,0,0,0,0,0,0,0,0,0,0,0,1,0,0,0,0,0,0,1,0,0,0,0,0,0,0,0,0,1,0,39363,0,0,10,0,0,0,0,0,0,0,0,0,0,0,0,0,0,0,0,0,1,0
65,0,0,0,1,0,0,10,0,0,0,0,0,0,0,0,0,0,0,0,0,0,0,1,1,0,0,0,0,0,1,0,0,0,0,0,0,0,0,0,0,0,0,1,0,0,0,0,0,0,0,0,0,1,0,271092,0,0,40,0,0,0,0,0,0,0,0,0,0,0,0,0,0,0,0,0,1,0
36,0,0,0,1,0,0,9,0,0,0,0,0,0,0,0,0,0,0,1,0,0,0,0,1,0,0,0,0,0,1,0,0,0,0,0,0,0,0,0,0,0,0,1,0,0,0,0,0,0,0,0,0,1,0,242713,0,0,40,0,0,0,0,0,0,0,0,0,0,0,0,0,0,0,0,0,1,0
45,0,0,0,1,0,0,12,0,0,0,0,0,0,0,1,0,0,0,0,0,0,0,0,1,0,0,0,0,0,0,0,0,0,0,0,0,0,0,0,0,1,0,1,0,0,0,0,0,0,0,0,0,1,0,129387,0,0,40,0,0,0,0,0,0,0,0,0,0,0,0,0,0,0,0,0,1,0
38,0,0,0,1,0,0,9,0,0,0,0,0,0,0,0,0,0,0,1,0,0,0,0,1,0,0,0,0,0,0,0,0,0,0,1,0,0,0,0,0,0,0,1,0,0,0,0,0,0,0,0,0,1,1,108907,0,0,40,0,0,0,0,0,0,0,0,0,0,0,0,0,0,0,0,0,1,0
32,0,0,0,1,0,0,11,0,0,0,0,0,0,0,0,1,0,0,0,0,0,0,0,1,0,0,0,0,0,0,0,0,0,0,0,1,0,0,0,0,0,0,1,0,0,0,0,0,0,0,0,0,1,0,228357,0,0,40,0,0,0,0,0,0,0,0,0,0,0,0,0,0,0,0,0,1,0
36,0,0,0,1,0,0,9,0,0,0,0,0,0,0,0,0,0,0,1,0,0,0,0,1,0,0,0,0,0,0,0,0,0,0,0,0,0,0,0,0,0,1,1,0,0,0,0,0,0,0,0,0,1,1,31438,0,0,43,0,0,0,0,0,0,0,0,0,0,0,0,0,0,0,0,0,1,0
37,0,0,0,1,0,0,9,0,0,0,0,0,0,0,0,0,0,0,1,0,0,0,0,1,0,0,0,0,0,0,0,0,0,0,0,1,0,0,0,0,0,0,1,0,0,0,0,0,0,0,0,0,1,0,220644,0,0,40,0,0,0,0,0,0,0,0,0,0,0,0,0,0,0,0,0,1,0
65,0,0,0,1,0,0,9,0,0,0,0,0,0,0,0,0,0,0,1,0,0,0,0,1,0,0,0,0,0,0,0,0,0,0,0,0,0,0,0,1,0,0,1,0,0,0,0,0,0,0,0,0,1,0,461715,0,0,25,0,0,0,0,0,0,0,0,0,0,0,0,0,0,0,0,0,1,0
48,0,0,0,0,1,0,9,0,0,0,0,0,0,0,0,0,0,0,1,0,0,0,0,1,0,0,0,0,0,0,0,0,0,0,0,0,0,0,0,1,0,0,1,0,0,0,0,0,0,0,1,0,0,0,56975,0,0,84,0,0,0,0,0,0,0,0,0,0,0,0,0,0,0,0,0,1,0
40,0,0,0,0,1,0,9,0,0,0,0,0,0,0,0,0,0,0,1,0,0,0,0,1,0,0,0,0,0,1,0,0,0,0,0,0,0,0,0,0,0,0,1,0,0,0,0,0,0,0,1,0,0,0,209344,0,0,15,0,0,0,0,0,0,0,0,0,0,0,0,0,0,0,0,0,1,0
50,0,0,0,0,0,1,10,0,0,0,0,0,0,0,0,0,0,0,0,0,0,0,1,1,0,0,0,0,0,0,0,1,0,0,0,0,0,0,0,0,0,0,1,0,0,0,0,0,0,0,0,0,1,0,221336,0,0,40,0,0,0,0,0,0,0,0,0,0,0,0,0,0,0,0,0,1,0
43,0,0,1,0,0,0,10,0,0,0,0,0,0,0,0,0,0,0,0,0,0,0,1,1,0,0,0,0,0,0,0,1,0,0,0,0,0,0,0,0,0,0,1,0,0,0,0,0,0,0,0,0,1,0,38537,0,0,38,0,0,0,0,0,0,0,0,0,0,0,0,0,0,0,0,0,1,0
26,0,0,0,1,0,0,13,0,0,0,0,0,0,0,0,0,1,0,0,0,0,0,0,0,0,0,1,0,0,0,0,0,0,0,0,0,0,0,0,0,0,1,1,0,0,0,0,0,0,0,0,0,1,1,227332,0,0,40,0,0,0,0,0,0,0,0,0,0,0,0,0,0,0,0,0,1,0
31,0,0,0,1,0,0,13,0,0,0,0,0,0,0,0,0,1,0,0,0,0,0,0,0,0,0,1,0,0,0,0,0,0,0,0,0,0,1,0,0,0,0,1,0,0,0,0,0,0,0,0,0,1,0,375680,0,0,40,0,0,0,0,0,0,0,0,0,0,0,0,0,0,0,0,0,1,0
25,0,0,0,1,0,0,9,0,0,0,0,0,0,0,0,0,0,0,1,0,0,0,0,0,0,0,1,0,0,0,0,0,1,0,0,0,0,0,0,0,0,0,1,0,0,0,0,0,0,0,0,0,1,1,204338,0,0,30,0,0,0,0,0,0,0,0,0,0,0,0,0,0,0,0,0,1,0
36,0,0,0,1,0,0,9,0,0,0,0,0,0,0,0,0,0,0,1,0,0,0,0,0,0,0,1,0,0,0,0,0,0,0,0,0,1,0,0,0,0,0,1,0,0,0,0,0,0,0,0,0,1,0,189674,0,0,28,0,0,0,0,0,0,0,0,0,0,0,0,0,0,0,0,0,1,0
29,0,0,0,1,0,0,8,0,0,0,0,0,0,1,0,0,0,0,0,0,0,0,0,0,0,0,1,0,0,0,0,0,0,0,0,1,0,0,0,0,0,0,1,0,0,0,0,0,0,0,0,0,1,0,190350,0,0,35,0,0,0,0,0,0,0,0,0,0,0,0,0,0,0,0,0,1,0
36,0,0,0,1,0,0,6,0,0,0,0,1,0,0,0,0,0,0,0,0,0,0,0,0,0,0,1,0,0,0,0,0,0,0,0,0,0,0,0,1,0,0,1,0,0,0,0,0,0,0,0,0,1,0,58337,0,0,35,0,0,0,0,0,0,0,0,0,0,0,0,0,0,0,0,0,1,0
26,0,0,0,1,0,0,10,0,0,0,0,0,0,0,0,0,0,0,0,0,0,0,1,0,0,0,1,0,0,0,0,0,0,0,0,0,0,0,0,1,0,0,1,0,0,0,0,0,0,0,0,0,1,0,243560,0,0,40,0,0,0,0,0,0,0,0,0,0,0,0,0,0,0,0,0,1,0
34,0,0,0,1,0,0,14,0,0,0,0,0,0,0,0,0,0,0,0,1,0,0,0,0,0,0,1,0,0,0,0,0,0,0,0,0,0,0,0,0,1,0,1,0,0,0,0,0,0,0,0,0,1,0,202822,0,0,40,0,0,0,0,0,0,0,0,0,0,0,0,0,0,0,0,0,1,0
42,0,0,0,1,0,0,9,0,0,0,0,0,0,0,0,0,0,0,1,0,0,0,0,0,0,0,1,0,0,1,0,0,0,0,0,0,0,0,0,0,0,0,1,0,0,0,0,0,0,0,0,0,1,0,157367,0,0,35,0,0,0,0,0,0,0,0,0,0,0,0,0,0,0,0,0,1,0
30,0,0,0,1,0,0,13,0,0,0,0,0,0,0,0,0,1,0,0,0,0,0,0,0,0,0,1,0,0,0,0,0,0,0,0,1,0,0,0,0,0,0,1,0,0,0,0,0,0,0,0,0,1,1,119164,0,0,40,0,0,0,0,0,0,0,0,0,0,0,0,0,0,0,0,0,1,0
27,0,0,0,1,0,0,13,0,0,0,0,0,0,0,0,0,1,0,0,0,0,0,0,0,0,0,1,0,0,0,0,0,0,0,0,0,0,1,0,0,0,0,1,0,0,0,0,0,0,0,0,0,1,0,133929,0,0,36,0,0,0,0,0,0,0,0,0,0,0,0,0,0,0,0,0,1,0
34,0,0,0,1,0,0,13,0,0,0,0,0,0,0,0,0,1,0,0,0,0,0,0,0,0,0,1,0,0,0,0,0,0,0,0,0,0,0,0,1,0,0,1,0,0,0,0,0,0,0,0,0,1,1,263307,0,0,45,0,0,0,0,0,0,0,0,0,0,0,0,0,0,0,0,0,1,0
30,0,0,0,1,0,0,10,0,0,0,0,0,0,0,0,0,0,0,0,0,0,0,1,0,0,0,1,0,0,1,0,0,0,0,0,0,0,0,0,0,0,0,1,0,0,0,0,0,0,0,1,0,0,0,191777,0,0,40,0,0,0,0,0,0,0,0,0,0,0,0,0,0,0,0,0,1,0
28,0,0,0,1,0,0,11,0,0,0,0,0,0,0,0,1,0,0,0,0,0,0,0,0,0,0,1,0,0,0,0,0,0,0,0,0,0,0,0,1,0,0,1,0,0,0,0,0,0,0,0,0,1,0,37821,0,0,55,0,0,0,0,0,0,0,0,0,0,0,0,0,0,0,0,0,1,0
30,0,0,0,1,0,0,9,0,0,0,0,0,0,0,0,0,0,0,1,0,0,0,0,0,0,0,1,0,0,0,1,0,0,0,0,0,0,0,0,0,0,0,1,0,0,0,0,0,0,0,0,0,1,1,260782,0,0,40,0,0,0,0,0,0,0,0,0,0,0,0,0,0,0,0,0,1,0
28,0,0,0,1,0,0,10,0,0,0,0,0,0,0,0,0,0,0,0,0,0,0,1,0,0,0,1,0,0,1,0,0,0,0,0,0,0,0,0,0,0,0,1,0,0,0,0,0,0,0,0,0,1,0,226891,0,0,30,0,0,0,0,0,0,0,0,0,0,0,0,0,0,0,0,0,1,0
25,0,0,0,1,0,0,14,0,0,0,0,0,0,0,0,0,0,0,0,1,0,0,0,0,0,0,1,0,0,0,0,0,0,0,0,0,0,1,0,0,0,0,1,0,0,0,0,0,0,0,1,0,0,1,141876,0,0,45,0,0,0,0,0,0,0,0,0,0,0,0,0,0,0,0,0,1,0
28,0,0,0,1,0,0,13,0,0,0,0,0,0,0,0,0,1,0,0,0,0,0,0,0,0,0,1,0,0,0,0,1,0,0,0,0,0,0,0,0,0,0,1,0,0,0,0,0,0,0,1,0,0,0,178489,0,0,45,0,0,0,0,0,0,0,0,0,0,0,0,0,0,0,0,0,1,0
26,0,0,0,1,0,0,4,0,0,1,0,0,0,0,0,0,0,0,0,0,0,0,0,0,0,0,1,0,0,0,0,0,0,0,0,1,0,0,0,0,0,0,1,0,0,0,0,0,0,0,0,0,1,0,261203,0,0,30,0,0,0,0,0,0,0,0,0,0,0,0,0,0,0,0,0,1,0
55,1,0,0,0,0,0,13,0,0,0,0,0,0,0,0,0,1,0,0,0,0,0,0,0,0,0,0,1,0,0,0,0,0,0,0,1,0,0,0,0,0,0,1,0,0,0,0,0,0,0,0,0,1,0,174533,0,0,72,0,0,0,0,0,0,0,0,0,0,0,0,0,0,0,0,0,1,0
31,0,0,0,1,0,0,9,0,0,0,0,0,0,0,0,0,0,0,1,0,0,0,0,0,0,0,0,1,0,1,0,0,0,0,0,0,0,0,0,0,0,0,1,0,0,0,0,0,0,0,0,0,1,0,323069,0,0,20,0,0,0,0,0,0,0,0,0,0,0,0,0,0,0,0,0,1,0
41,0,0,0,1,0,0,9,0,0,0,0,0,0,0,0,0,0,0,1,0,0,0,0,0,0,0,0,1,0,1,0,0,0,0,0,0,0,0,0,0,0,0,1,0,0,0,0,0,0,0,0,0,1,0,216116,0,0,40,0,0,0,0,0,0,0,0,0,0,0,0,0,0,0,0,0,1,0
46,0,0,0,1,0,0,9,0,0,0,0,0,0,0,0,0,0,0,1,0,0,0,0,0,0,0,0,1,0,0,1,0,0,0,0,0,0,0,0,0,0,0,1,0,0,0,0,0,0,0,0,0,1,0,126513,0,0,40,0,0,0,0,0,0,0,0,0,0,0,0,0,0,0,0,0,1,0
36,0,0,0,1,0,0,5,0,0,0,1,0,0,0,0,0,0,0,0,0,0,0,0,0,0,0,0,1,0,0,0,0,0,0,0,1,0,0,0,0,0,0,1,0,0,0,0,0,0,0,0,0,1,0,218948,0,0,40,0,0,0,0,0,0,0,0,0,0,0,0,0,0,0,0,0,1,0
52,0,0,0,1,0,0,13,0,0,0,0,0,0,0,0,0,1,0,0,0,0,0,0,0,0,0,0,1,0,0,0,1,0,0,0,0,0,0,0,0,0,0,1,0,0,0,0,0,0,0,0,0,1,0,92968,0,0,40,0,0,0,0,0,0,0,0,0,0,0,0,0,0,0,0,0,1,0
32,0,0,0,1,0,0,6,0,0,0,0,1,0,0,0,0,0,0,0,0,0,0,0,0,0,0,0,1,0,0,1,0,0,0,0,0,0,0,0,0,0,0,1,0,0,0,0,0,0,0,0,0,1,0,39223,0,0,40,0,0,0,0,0,0,0,0,0,0,0,0,0,0,0,0,0,1,0
34,0,0,0,1,0,0,10,0,0,0,0,0,0,0,0,0,0,0,0,0,0,0,1,0,0,0,0,1,0,1,0,0,0,0,0,0,0,0,0,0,0,0,1,0,0,0,0,0,0,0,0,0,1,0,210736,0,0,40,0,0,0,0,0,0,0,0,0,0,0,0,0,0,0,0,0,1,0
62,0,0,1,0,0,0,14,0,0,0,0,0,0,0,0,0,0,0,0,1,0,0,0,0,0,0,0,1,0,0,0,0,0,0,0,0,0,1,0,0,0,0,1,0,0,0,0,0,0,0,0,0,1,0,221558,0,0,24,0,0,0,0,0,0,0,0,0,0,0,0,0,0,0,0,0,1,0
55,0,0,0,1,0,0,4,0,0,1,0,0,0,0,0,0,0,0,0,0,0,0,0,0,0,0,0,0,1,0,0,0,0,0,0,1,0,0,0,0,0,0,1,0,0,0,0,0,0,0,0,0,1,0,198385,0,0,20,0,0,0,0,0,0,0,0,0,0,0,0,0,0,0,0,0,1,0
39,0,0,0,1,0,0,9,0,0,0,0,0,0,0,0,0,0,0,1,0,0,0,0,0,0,0,0,0,1,0,0,0,0,1,0,0,0,0,0,0,0,0,1,0,0,0,0,0,0,0,0,0,1,1,487486,0,0,40,0,0,0,0,0,0,0,0,0,0,0,0,0,0,0,0,0,1,0
81,0,0,0,1,0,0,14,0,0,0,0,0,0,0,0,0,0,0,0,1,0,0,0,0,0,0,0,0,1,0,0,0,0,0,0,0,0,1,0,0,0,0,1,0,0,0,0,0,0,0,0,0,1,1,201398,0,0,60,0,0,0,0,0,0,0,0,0,0,0,0,0,0,0,0,0,1,0
55,0,0,0,1,0,0,13,0,0,0,0,0,0,0,0,0,1,0,0,0,0,0,0,0,0,0,0,0,1,0,0,0,0,0,1,0,0,0,0,0,0,0,1,0,0,0,0,0,0,0,0,0,1,0,308118,0,0,40,0,0,0,0,0,0,0,0,0,0,0,0,0,0,0,0,0,1,0
57,0,0,0,1,0,0,9,0,0,0,0,0,0,0,0,0,0,0,1,0,0,0,0,0,0,0,0,0,1,0,0,0,0,0,0,1,0,0,0,0,0,0,1,0,0,0,0,0,0,0,0,0,1,0,143030,0,0,30,0,0,0,0,0,0,0,0,0,0,0,0,0,0,0,0,0,1,0
57,0,0,0,1,0,0,5,0,0,0,1,0,0,0,0,0,0,0,0,0,0,0,0,0,0,0,0,0,1,0,0,0,0,0,0,1,0,0,0,0,0,0,1,0,0,0,0,0,0,0,0,0,1,1,122497,0,0,52,0,0,0,0,0,0,0,0,0,0,0,0,0,0,0,0,0,1,0
52,0,0,0,1,0,0,10,0,0,0,0,0,0,0,0,0,0,0,0,0,0,0,1,0,0,0,0,0,1,0,0,0,0,0,0,1,0,0,0,0,0,0,1,0,0,0,0,0,0,0,0,0,1,0,135607,0,0,40,0,0,0,0,0,0,0,0,0,0,0,0,0,0,0,0,0,1,0
48,0,0,0,0,0,1,14,0,0,0,0,0,0,0,0,0,0,0,0,1,0,0,0,0,0,0,0,0,1,0,0,1,0,0,0,0,0,0,0,0,0,0,1,0,0,0,0,0,0,0,0,0,1,0,162236,0,0,40,0,0,0,0,0,0,0,0,0,0,0,0,0,0,0,0,0,1,1
43,0,0,0,1,0,0,13,0,0,0,0,0,0,0,0,0,1,0,0,0,0,0,0,0,1,0,0,0,0,0,0,0,0,0,0,1,0,0,0,0,0,0,1,0,0,0,0,0,0,0,0,0,1,0,163215,0,0,35,0,0,0,0,0,0,0,0,0,0,0,0,0,0,0,0,0,1,1
35,0,0,0,1,0,0,16,0,0,0,0,0,0,0,0,0,0,1,0,0,0,0,0,0,1,0,0,0,0,0,0,0,0,0,0,0,0,0,0,0,1,0,1,0,0,0,0,0,0,0,0,0,1,0,343403,0,0,20,0,0,0,0,0,0,0,0,0,0,0,0,0,0,0,0,0,1,0
41,0,0,0,1,0,0,9,0,0,0,0,0,0,0,0,0,0,0,1,0,0,0,0,0,1,0,0,0,0,0,0,0,0,0,1,0,0,0,0,0,0,0,1,0,0,0,0,0,0,0,0,0,1,0,169628,0,0,40,0,0,0,0,0,0,0,0,0,0,0,0,0,0,0,0,0,1,0
37,0,0,0,1,0,0,8,0,0,0,0,0,0,1,0,0,0,0,0,0,0,0,0,0,1,0,0,0,0,0,0,0,0,0,0,0,0,0,0,1,0,0,1,0,0,0,0,0,0,0,1,0,0,0,130620,0,0,33,0,0,0,0,0,0,0,0,0,0,0,0,0,0,0,0,0,1,0
24,0,0,0,1,0,0,10,0,0,0,0,0,0,0,0,0,0,0,0,0,0,0,1,0,1,0,0,0,0,0,0,0,0,0,0,0,1,0,0,0,0,0,1,0,0,0,0,0,0,0,0,0,1,0,178255,0,0,40,0,0,0,0,0,0,0,0,0,0,0,0,0,0,0,0,0,1,0
33,0,0,0,1,0,0,13,0,0,0,0,0,0,0,0,0,1,0,0,0,0,0,0,0,1,0,0,0,0,0,0,0,0,0,0,1,0,0,0,0,0,0,1,0,0,0,0,0,0,0,0,0,1,0,126414,0,0,40,0,0,0,0,0,0,0,0,0,0,0,0,0,0,0,0,0,1,0
31,0,0,0,1,0,0,9,0,0,0,0,0,0,0,0,0,0,0,1,0,0,0,0,0,1,0,0,0,0,1,0,0,0,0,0,0,0,0,0,0,0,0,1,0,0,0,0,0,0,0,1,0,0,0,185480,0,0,40,0,0,0,0,0,0,0,0,0,0,0,0,0,0,0,0,0,1,1
44,0,0,0,1,0,0,9,0,0,0,0,0,0,0,0,0,0,0,1,0,0,0,0,0,1,0,0,0,0,0,0,1,0,0,0,0,0,0,0,0,0,0,1,0,0,0,0,0,0,0,0,0,1,0,159297,0,0,40,0,0,0,0,0,0,0,0,0,0,0,0,0,0,0,0,0,1,1
43,0,0,0,1,0,0,13,0,0,0,0,0,0,0,0,0,1,0,0,0,0,0,0,0,1,0,0,0,0,0,0,0,0,0,0,1,0,0,0,0,0,0,1,0,0,0,0,0,0,0,0,0,1,0,95634,0,0,45,0,0,0,0,0,0,0,0,0,0,0,0,0,0,0,0,0,1,0
43,0,0,0,1,0,0,13,0,0,0,0,0,0,0,0,0,1,0,0,0,0,0,0,0,1,0,0,0,0,0,0,1,0,0,0,0,0,0,0,0,0,0,1,0,0,0,0,0,0,0,0,0,1,0,195212,0,0,40,0,0,0,0,0,0,0,0,0,0,0,0,0,0,0,0,0,1,0
36,0,0,0,1,0,0,13,0,0,0,0,0,0,0,0,0,1,0,0,0,0,0,0,0,1,0,0,0,0,0,0,0,0,0,0,0,0,0,0,1,0,0,1,0,0,0,0,0,0,0,0,0,1,1,74791,0,0,60,0,0,0,0,0,0,0,0,0,0,0,0,0,0,0,0,0,1,0
32,0,0,0,1,0,0,13,0,0,0,0,0,0,0,0,0,1,0,0,0,0,0,0,0,1,0,0,0,0,1,0,0,0,0,0,0,0,0,0,0,0,0,1,0,0,0,0,0,0,0,0,0,1,0,118551,0,0,35,0,0,0,0,0,0,0,0,0,0,0,0,0,0,0,0,0,1,1
50,0,0,0,1,0,0,4,0,0,1,0,0,0,0,0,0,0,0,0,0,0,0,0,0,1,0,0,0,0,0,0,0,0,0,0,1,0,0,0,0,0,0,1,0,0,0,0,0,0,0,0,0,1,0,205100,0,0,35,0,0,0,0,0,0,0,0,0,0,0,0,0,0,0,0,0,1,0
42,0,0,0,0,1,0,13,0,0,0,0,0,0,0,0,0,1,0,0,0,0,0,0,0,1,0,0,0,0,1,0,0,0,0,0,0,0,0,0,0,0,0,1,0,0,0,0,0,0,0,0,0,1,0,204033,0,0,35,0,0,0,0,0,0,0,0,0,0,0,0,0,0,0,0,0,1,0
45,0,0,0,0,1,0,13,0,0,0,0,0,0,0,0,0,1,0,0,0,0,0,0,0,1,0,0,0,0,0,0,1,0,0,0,0,0,0,0,0,0,0,1,0,0,0,0,0,0,0,0,0,1,0,185497,0,0,70,0,0,0,0,0,0,0,0,0,0,0,0,0,0,0,0,0,1,0
45,0,0,0,0,1,0,10,0,0,0,0,0,0,0,0,0,0,0,0,0,0,0,1,0,1,0,0,0,0,0,0,0,0,0,0,0,0,1,0,0,0,0,1,0,0,0,0,0,0,0,0,0,1,0,121836,0,0,40,0,0,0,0,0,0,0,0,0,0,0,0,0,0,0,0,0,1,1
50,0,0,0,0,0,1,9,0,0,0,0,0,0,0,0,0,0,0,1,0,0,0,0,0,1,0,0,0,0,0,0,0,0,0,0,1,0,0,0,0,0,0,1,0,0,0,0,0,0,0,0,0,1,0,95577,0,0,12,0,0,0,0,0,0,0,0,0,0,0,0,0,0,0,0,0,1,0
32,0,0,0,0,0,1,9,0,0,0,0,0,0,0,0,0,0,0,1,0,0,0,0,0,1,0,0,0,0,0,0,0,0,0,0,1,0,0,0,0,0,0,1,0,0,0,0,0,0,0,0,0,1,0,116834,0,0,5,0,0,0,0,0,0,0,0,0,0,0,0,0,0,0,0,0,1,0
31,0,0,0,0,0,1,8,0,0,0,0,0,0,1,0,0,0,0,0,0,0,0,0,0,1,0,0,0,0,0,0,0,0,0,0,0,0,0,0,1,0,0,1,0,0,0,0,0,0,0,1,0,0,0,162551,0,0,50,0,0,0,0,0,0,0,0,0,0,0,0,0,0,0,0,0,1,0
