Bimestre	Disciplina:	Objetivo: 	Ementa:	Conteúdo programático	Bibliografia Básica e Complementar
1	Ética, Cidadania e Sociedade	"Compreender os conceitos de ética, cidadania e sociedade; analisar a relação entre ética, cidadania e sociedade; contribuir para uma reflexão sobre os valores éticos e  responsabilidades  como  cidadão  perante  o  país,  a  fim  de  procurar  construir  uma sociedade economicamente viável, ambientalmente correta, e socialmente justa; 
reconhecer cidadania no mundo do trabalho; analisar as relações étnico-raciais. Discutir o  conceito  de  ética  e  compromisso  com  a  promoção  de  cidadania  e  da  profissão. Conhecer os aspectos legais que permeiam a atuação profissional."	Etimologia e conceitos: Fundamentos filosóficos. Ética e valor humano. Ética, moral e condição humana. Ética e ciência. A Ética e o profissional. Ética e cidadania no mundo do trabalho. O trabalho, o trabalhador e as organizações no mundo contemporâneo. Relações étnico-raciais. Sustentabilidade. 		"Bibliografia Base: 
TEIXEIRA, Orci Paulino Bretanha. A fundamentação ética do estado socioambiental. Porto Alegre/RS: EDIPUCRS;2017 
AMARO, Sarita. Racismo, igualdade racial e  políticas de ações afirmativas no Brasil. Porto Alegre/RS: EDIPUCRS;2017 
JOHANN, Jorge Renato. Um novo homem e uma nova sociedade: construindo a cidadania. Porto Alegre/RS: EDIPUCRS;2017 
GALLO, Silvio. Ética e Cidadania - Caminhos da Filosofia. Campinas/SP: Papirus, 2013.
Bibliografia Complementar: 
CORTELLA,  Mario  Sergio;  BARROS  FILHO,  Clóvis.  Ética  e  vergonha  na  cara! Campinas/SP: Papirus, 2013, 
TONNETTI, Flávio, MEUCCI, Arthur. Ética, Medo e Esperança. São Paulo: Vozes, 2017. 
HORNSTEIN, Harvey A. O Abuso do Poder e o Privilégio nas Organizações. São Paulo: Pearson, 2013. 
PINKY, Jaime.(org.) Práticas de Cidadania. São Paulo: Contexto, 2013. 
NODARI, Paulo César. Sobre ética: Aristóteles, Kant e Levinas. Caxias do Sul/RS: Editora Edusc, 2013."
1	Leitura e Produção de Textos	Discutir o papel social da linguagem no contexto da nossa realidade; oferecer conceitos  e  reflexões  a  respeito  da  linguagem  humana;  apresentar  a  relação  entre leitura e produção textual; apresentar princípios básicos da produção textual.	Prática  de  leitura  e  de  produção  de  textos  de  diversos  gêneros.  Noções fundamentais sobre estrutura e conteúdo: coesão, coerência, clareza,  informatividade e adequação. Revisão e reescrita orientada dos textos produzidos. Subsidiar os estudantes para a produção textual.		"Bibliografia Base: 
COLELLO,  Silvia  M.  G.  A  escola  que  (não)  ensina  a  escrever.  São  Paulo: Summus, 2012. p. 272. ISBN 9788532302465. 
COLELLO,  Silvia  M.  G.  A  escola  e  a  produção  textual:  práticas  interativas  e tecnológicas. São Paulo: Summus, 2017. ISBN: 9788532310675 
PERISSÉ, Gabriel. A arte da palavra: como criar um estilo pessoal na comunicação escrita. Barueri: Manole, 2002. p. 156. ISBN 9788520416556. 
Bibliografia Complementar: 
BARBOSA,  Cláudia  Soares.  Língua  portuguesa:  classes  gramaticais  e  texto narrativo. Curitiba: InterSaberes, 2013. ISBN: 9788582125427 
CASTILHO, Ataliba T. de. Nova gramática do português brasileiro. São Paulo: Contexto, 2010. p. 768. ISBN 9788572444620. 
FIORIN,  José  Luiz.  Elementos  de  análise  do  discurso.  São  Paulo:Contexto, 2005. ISBN 9788572442947. 
SILVA, A.; PESSOA, A. C.; LIMA, A. Ensino de gramática: reflexões sobre a língua portuguesa na escola. São Paulo: Autêntica, 2012. ISBN: 9788582172414. 
BASSO, R. M.; GONÇALVES, R. T. História concisa da língua portuguesa.  Rio de Janeiro: Vozes, 2014. ISBN: 9788532646484. "
1	Pensamento Computacional	"Utilizar  sistemas  computacionais  (computadores  e  celulares)  para  acesso  à internet, programas e compartilhamento de informações; pensar e resolver problemas utilizando quatro características principais: Decomposição (dividir a questão em problemas menores), Padrões (identificar o padrão ou padrões que geram o problema), 
Abstração  (entender  como  soluções  podem  ser  reutilizadas  em  múltiplos  cenários)  e Algoritmo (definir ordem ou sequência de passos para solução de problema)."	"Navegação,  pesquisa  e  filtragem  de  informações.  Interação  por  meio  de tecnologias.    Compartilhamento  de  informações  e  conteúdos.  Colaboração  por  canais digitais.  Raciocínio  lógico,  análise  e  resolução  de  problemas.  Estudo  dos  dispositivos computacionais. Noção de algoritmos. Práticas de computação. Jogos de lógica. 
Desenvolvimento  de  conteúdo.  Construção  de  narrativas  usando  programação  com blocos."		"Bibliografia Base: 
CARVALHO,  Fábio  Câmara  Araújo  de;  IVANOFF,  Gregorio  Bittar. Tecnologias que Educam: ensinar e aprender com as tecnologias de informação e comunicação. São Paulo: Pearson, 2013. 
VIALI,  Lorí;  LAHM,  Regis  Alexandre.  Tecnologias  na  educação  em  ciências  e matemática. Porto Alegre/RS: Editora EdiPUC, 2019. 
KENSKI, Vani Moreira. Educação e tecnologias: O novo ritmo da  informação. Campinas/SP: Papirus, 2013.
Bibliografia Complementar:
LOCK, Matheus. Comunicações transversais: o preconceito digital e os efeitos na opinião pública. Porto Alegre/RS: Editora EdiPUC, 2019. 
JARVIS,  Jeff.  O  que  a  Google  faria?:  como  atender  às  novas  exigências  do mercado. São Paulo: Editora Manole, 2013. 
CAPRON, H. L.; JOHNSON, J. A. Introdução à Informática. São Paulo: Pearson, 2013, 8ª edição. 
MENEZES, Alexandre Moreira de. Os Paradigmas de Aprendizagem de Algoritmo Computacional. São Paulo: Editora Blucher, 2018."
2	Inglês	Objetivos:  Desenvolver  as  habilidades  de  compreensão  oral  e  escrita  pelo  uso  das mídias digitais como recurso, de forma a construir significados dos conteúdos curriculares do curso, atendendo às especificidades acadêmico-profissionais da área.	"Desenvolvimento  das  estruturas  básicas  utilizando  as  habilidades  linguísticas de ouvir e ler numa abordagem comunicativa intercultural em nível elementar. 
Introdução à compreensão de textos orais e escritos em língua inglesa que circulam nas mídias digitais, atendendo às especificidades acadêmico-profissionais das áreas, abordando aspectos léxico-gramaticais, discursivos e interculturais da língua inglesa."		"Bibliografia Base: 
FERRO,  Jeferson.  Around  the  work:  introdução  à  leitura  em  língua  inglesa. Curitiba: Intersaberes, 2012. 
LAPKOSKI, Graziella Araújo  de Oliveira.  Do texto  ao sentido: teoria e prática de leitura em língua inglesa. Curitiba. Intersaberes, 2012. 
LOPES, Maria Cecilia (coordenação). Minidicionário Rideel inglês-português-inglês. São Paulo: Rideel, 2011. 
Bibliografia Complementar: 
DREY, Rafaela Fetzner;  Selistre,  Isabel Cristina Tedesco;  Aiub, Tânia. Inglês: práticas de leitura e escrita. Porto Alegre: Penso, 2015. 
LIMA, Thereza Cristina de Souza. Língua Estrangeira Moderna: inglês. Curitiba: Intersaberes, 2016. 
__________. Inglês básico nas organizações. Curitiba: Intersaberes, 2013. 
Rejani, Márcia.  Inglês: comunicação e processos para hospedagem. 1. ed. -- São Paulo : Érica, 2014. 
SILVA,  Thais  Cristófaro.  Pronúncia  do  inglês:  para  falantes  do  português brasileiro. São Paulo: Contexto, 2012."
2	Matemática Básica	"Revisar e aprofundar conceitos básicos de matemática do Ensino Fundamental e Médio, proporcionando ao aluno um
melhor aproveitamento do curso."	"Divisão dos números em conjuntos numéricos. Operações com os números em todos os conjuntos numéricos. Expressões
numéricas. Problemas matemáticos. Aplicar as operações em conjuntos numéricos na resolução de problemas. Razão e
proporção. Resolução de problemas que envolvem razão e proporção. Algoritmo de resolução de regras de três simples
e composta. Calcular porcentagens em variadas situações. Perceber a relação entre porcentagem e regra de três simples."	"Números Naturais e suas operações
Números Inteiros e divisibilidade
Números Racionais, Reais e operações
Problemas matemáticos
Razão e proporção
Regra de três
Porcentagem"	"Bibliografia Básica
BOALER, Jo. Mentalidades matemáticas. Porto Alegre: Penso, 2017.
SMOLE, Katia Stocco; DINIZ, Maria Ignez; CÂNDIDO, Patricia. Jogos de matemática: 1º a 5º ano. Porto Alegre: Artmed, 2007. (Série Cadernos do Mathema - Ensino Fundamental).
WALL, Edward S. Teoria dos números para professores do ensino fundamental. Tradução: Roberto Cataldo Costa; revisão técnica: Katia Stocco Smole. Porto Alegre: AMGH, 2014.
Bibliografia Complementar
DANTE, Luiz Roberto. Formulação e resolução de problemas de matemática: teoria e prática. 1ª ed. São Paulo: Ática, 2009.
MORETTIN, Luiz Gonzaga. Estatística Básica: probabilidade e inferência. São Paulo: Pearson Prentice Hall, 2010.
SMOLE, Katia Stocco; DINIZ, Maria Ignez; MILANI, Estela. Jogos de matemática: 6º a 9º ano. Porto Alegre: Artmed, 2007. (Série Cadernos do Mathema - Ensino Fundamental).
RAMOS, Luzia Faraco. Conversas sobre números, ações e operações: uma proposta criativa para o ensino da matemática nos primeiros anos. São Paulo: Ática, 2009.
SMOLE, Katia Stocco; DINIZ, Maria Ignez. Materiais manipulativos para o ensino de frações e números decimais. Porto Alegre: Penso, 2016."
2	Projetos e métodos para a produção do conhecimento	"Compreender a estrutura científica formal como maneira de comunicação acadêmica própria de cada área de
conhecimento; desenvolver habilidades e competências específicas necessárias para o desempenho na vida
acadêmica e profissional; desenvolvimento do raciocínio lógico, análise, síntese e construção de textos científicos;
leitura crítica, análise e produção de textos argumentativos no desenvolvimento da produção científica; domínio das
normas da ABNT e utilização na construção do conhecimento científico."	"Tipos de conhecimentos; O processo de pesquisa científica e suas classificações; Fundamentos da metodologia
científica; Métodos e técnicas de pesquisa; A comunicação científica; Ética em pesquisa; Base de dados científicos;
Planejamento e elaboração de pesquisa; Organização de trabalho científico (artigo científico, monografias e relatórios
técnicos/científicos); Referências e citações; Desenvolvimento do projeto de pesquisa."	"Senso comum e ciência
Fundamentos da metodologia científica e técnicas de pesquisa
Comunicação científica: rigor e ética em pesquisa
Organização de trabalho científico
Base de dados científicos: características, procedimentos e fontes de pesquisas quantitativas e qualitativas
Desenvolvimento do projeto de pesquisa
Planejamento e elaboração de pesquisa"	"Bibliografia básica
BARROS, A. J. S.; LEHFELD, N. A. S. Fundamentos de metodologia científica. 3ª ed. São Paulo: Pearson Prentice Hall, 2007. Disponível em: <https://plataforma.bvirtual.com.br/Leitor/Publicacao/419/pdf>. Acesso em: 6 fev. 2020.
CERVO, A. L.; BERVIAN, P. A.; SILVA, R. Metodologia científica. 6ª ed. São Paulo: Pearson Prentice Hall, 2007. Disponível em: <https://plataforma.bvirtual.com.br/Leitor/Publicacao/341/pdf>. Acesso em: 6 fev. 2020.
FLICK, U. Introdução à metodologia da pesquisa: um guia para iniciantes. Porto Alegre: Penso, 2012. Disponível em: <https://integrada.minhabiblioteca.com.br/#/books/9788565848138/cfi/0!/4/2@100:0.00>. Acesso em: 6 fev. 2020.
GIBBS, G. Análise de dados qualitativos. Porto Alegre: Artmed, 2009. (Coleção Pesquisa Qualitativa). Disponível em: <https://integrada.minhabiblioteca.com.br/#/books/9788536321332/cfi/0!/4/2@100:0.00>. Acesso em: 6 fev. 2020.
Bibliografia complementar
ANGROSINO, M. Etnografia e observação participante. Porto Alegre: Artmed, 2009. (Coleção Pesquisa Qualitativa). Disponível em: <https://integrada.minhabiblioteca.com.br/#/books/9788536321387/cfi/0!/4/2@100:0.00>. Acesso em: 6 fev. 2020.
CRESWELL, J. W. Projeto de pesquisa: métodos qualitativo, quantitativo e misto. 3ª ed. Porto Alegre: Artmed, 2010. Disponível em: <https://integrada.minhabiblioteca.com.br/#/books/9788536323589/cfi/0!/4/2@100:0.00>. Acesso em: 6 fev. 2020.
LARSON, R.; FARBER, B. Estatística aplicada. São Paulo: Pearson Education do Brasil, 2015. Disponível em: <https://plataforma.bvirtual.com.br/Leitor/Publicacao/36874/pdf>. Acesso em: 6 fev. 2020.
SPIEGEL, M. R.; SCHILLER, J. J.; SRINIVASAN, R. A. Probabilidade e estatística. 3ª ed. Porto Alegre: Bookman, 2013. Disponível em: <https://integrada.minhabiblioteca.com.br/#/books/9788565837477/cfi/0>. Acesso em: 6 fev. 2020."
3	Algoritmos e Programação de Computadores I	"Compreender conceitos básicos de programação e descrever algoritmos para resolver problemas utilizando a linguagem de
programação Python, incluindo depuração e testes automatizados básicos"	"Algoritmos: caracterização, notação, estruturas básicas. Conceitos de linguagens algorítmicas: expressões; comandos
sequenciais, seletivos e repetitivos; entrada/saída; variáveis; constantes; listas, vetores (listas em Python), matrizes,
strings; funções; escopo de variáveis; desenvolvimento, depuração, noções de testes automatizados e documentação de
programas utilizando linguagem Python."	"Introdução a algoritmos e a Python: noção de algoritmos, fluxogramas e linguagem Python
Expressões aritméticas, lógicas e operadores
Variáveis, strings, listas, tuplas e operadores
Criação de programas em Python: definição de funções, entrada e saída de dados. Documentação de programas
Estruturas de condição: uma, duas ou mais vias
Estruturas de repetição: for, while, continue, break e pass
Vetores e matrizes: listas multi-dimensionais em Python
Noções de depuração de programas"	"Bibliografia Básica
PERKOVIC, Ljubomir. Introdução à Computação Usando Python: Um Foco no Desenvolvimento de Aplicações. São Paulo: LTC, 2016.
MILLER, Brad; RANUM, David. Como Pensar como um Cientista da Computação.São Paulo: Panda, 2019. Disponível em: <https://panda.ime.usp.br/pensepy/static/pensepy/index.html>. Acesso em: 16 jul. 2020.
Bibliografia Complementar
FREEMAN, Eric. Use a Cabeça! Aprenda Programar. Rio de Janeiro: Alta Books, 2019.
DOWNEY, Allen. Pense Python: pense como um Cientista da Computação. São Paulo: Novatec, 2016.
KON, Fabio. Introdução à Ciência da Computação em Python. [s.i.]: Coursera, 2019. Curso on-line. Disponível em: <https://pt.coursera.org/learn/ciencia-computacao-python-conceitos>. Acesso em: 16 jul. 2020."
3	Cálculo I	"Desenvolver os conceitos e apontar aplicações do Cálculo Diferencial e Integral de funções de uma variável real; Estimular
a análise em torno da validade, veracidade e unicidade ou não de determinados modelos matemáticos e suas possíveis
aplicações; Promover o raciocínio matemático para procedimentos específicos de Cálculo e refletir sobre possíveis
generalizações; Entender as noções de infinitésimos e infinitos."	"Introdução: O Que é o Cálculo?; Funções (Noções Básicas, Operações com Funções, Construção e Definição de Novas
Funções); Limite (Definição de Limite, Cálculo de Limites de Funções, Outras Técnicas de Cálculo de Limites, Limites de
Sequências, Somas e Séries Numéricas); Continuidade (Conceito e Definição, Teoremas Básicos); Derivada (Definição de
Derivada e Exemplos Simples, Exemplos da Interpretação da Derivada como Taxa de Variação, Regras de Derivação,
Derivadas de Funções Inversas e Implícitas, Teoremas Importantes e Interpretação Geométrica, Aplicações de Derivadas,
Cálculo de Máximos e Mínimos de uma Função, O Teorema de Taylor); Integral (Definição de Integral segundo Riemann,
Integração de Funções Elementares, Teorema Fundamental do Cálculo, Métodos de Integração, Cálculo do Volume e Área
de Sólidos de Revolução, Outras Aplicações Geométricas (no Plano), Técnicas de Integração, Integrais Impróprias;
Aplicações de Limites, Derivadas e Integrais."	"Funções e Introdução ao Estudo de Limites
Derivadas e Taxa de Variação
Regras de Derivação
Aplicações de Derivada: Máximos e Mínimos de Funções
Integrais e o Teorema Fundamental do Cálculo
Técnicas de Integração
Aplicações de Integrais: Cálculo de Área e Volume de Sólidos
Revisão"	"Bibliografia Básica
GUIDORIZZI, H. L. Um curso de cálculo. v. 1. Rio de Janeiro: LTC, 2013, 652 p. ISBN 9788521612599.
STEWART, J. Cálculo. v. 1. São Paulo: Cengage Learning, 2013. 664 p. ISBN 9788522112586.
THOMAS, G. B. Cálculo. v. 1. São Paulo: Pearson, 2013. 656 p. ISBN 9788581430867.
Bibliografia Complementar
ÁVILA, G. S. S.; ARAÚJO, L. C. L. Cálculo: ilustrado, prático e descomplicado. Rio de Janeiro: LTC, 2012. ISBN 9788521620723.
FRIEDLI, S. Cálculo 1. Belo Horizonte: UFMG, 2014. 259 p. Disponível em: <http://www.mat.ufmg.br/~sacha/textos/Calculo/Apostila_20140803.pdf>. Acesso em: 23 jul. 2020.
LEITHOLD, L. O cálculo com geometria analítica. v. 1São Paulo: Harbra, 1994. 684 p. ISBN 9788529400945.
MARQUES, G. C. Fundamentos de matemática I. São Paulo: USP; Univesp; EDUSP, 2014.
SIMMONS, G. F. Cálculo com geometria analítica. v. 1. São Paulo: Makron Books, 2010. 852 p. ISBN 9780074504116."
3	Introdução a Conceitos de Computação	Fornecer noções básicas sobre o funcionamento de dispositivos computacionais e sobre álgebra booleana. 	"Breve história da computação. Sistemas de Numeração. Operações lógicas e tabela da verdade. Representação de
números inteiros e de ponto flutuante, cadeias de caracteres. Tipos de Dispositivos, Arquivos, Redes e Sistemas
Operacionais. Conceitos de arquitetura de computadores."	"Introdução ao curso, conceitos básicos, breve história da computação, representação de dados
Representação de dados, sistemas de numeração e conversão de bases
Aritmética binária e operações lógicas
Portas lógicas e circuitos
Hardware e doftware
Sistemas operacionais
Redes de computadores
Revisão"	"Bibliografia Básica
BROOKSHEAR, J. G. Ciência da Computação: uma visão abrangente. Porto Alegre: Bookman, 2013.
CARVALHO, A. C. P. L. F. de; LORENA, A. C. Introdução à Computação: Hardware, Software e Dados. Rio de Janeiro: LTC, 2016.
DALE, N.; LEWIS, J. Ciência da Computação. Rio de Janeiro: LTC, 2010.
Bibliografia Complementar
TURING, D. A História da Computação. São Paulo: M. Books, 2019.
WAZLAWICK, R. História da Computação. São Paulo: GEN LTC, 2016. "
4	Algoritmos e Programação de Computadores II	"Reforçar a prática de programação em Python, composição de programas com múltiplos arquivos de código fonte, uso
de bibliotecas, APIs (WEB) e GUIs. Noções de programação orientada a objetos."	"Depuração de programas. Conceito e uso de pilhas, filas, listas, árvores. Recursão. Algoritmos de Ordenação e Busca.
Noções de gerenciamento de memória e manipulação de listas. Módulos e noções de objetos, arquivos. Modularização
(módulos, bibliotecas, interfaces). Uso de APIs básicas da WEB e manipulação de dados (JSON). Criação de interfaces
gráficas simples. Controle de Versão (GIT). Testes automatizados"	"Gerenciamento de memória, arquivos e depuração de programas
Programação orientada a objetos e modularização
Recursão
Pilhas, filas e árvores
Ordenação e busca
Processamento de elementos da Web
GUIs
GIT, testes automatizados e revisão"	"Bibliografia Básica
PERKOVIC, L. Introdução à Computação Usando Python: Um Foco no Desenvolvimento de Aplicações. São Paulo: LTC. 2016.
MILLER, B.; RANUM, D. Como Pensar como um Cientista da Computação. [s.i.]: [s.n.], 2019. Disponível em: <https://panda.ime.usp.br/pensepy/static/pensepy/index.html>. Acesso em: 22 set. 2020.
Bibliografia Complementar
FREEMAN, E.. Use a Cabeça! Aprenda Programar. Rio de Janeiro: Alta Books. 2019.
DOWNEY, A. Pense Python: pense como um Cientista da Computação. São Paulo: Novatec. 2016.
SHAW, Z. A. Aprenda Python 3 do Jeito Certo: uma Introdução Muito Simples ao Incrível Mundo dos Computadores e da Codificação. São Paulo: Novatec. 2019."
4	Fundamentos de Internet e Web	Apresentar noções sobre a estrutura de documentos na Web.	"Hipertexto; Origens de XML e HTML (SGML); Estrutura do conteúdo versus aparência do documento; Tags
HTML básicas (H1, P etc.) e extensíveis (div, span etc.); Tags de HTML5; Atributos básicos de CSS (color,
text-align etc.), seletores CSS; Formulários HTML; Noções de manipulação programática do DOM."	"Redes de Computadores e suas características. Arquitetura em Camadas. Modelos de Camadas. A Internet. Aplicações da Internet. Internet e WWW
Importância dos protocolos na comunicação. O que é um protocolo? Protocolos fundamentais para a comunicação das aplicações que utilizam a Internet: TCP, UDP e IPA
Como surgiu a WWW? Contexto. Os principais componentes da Web. Servidores Web. O protocolo HTTP. Browsers (Navegadores)/Clientes. Servidores de Nomes
Introdução. Navegação. Páginas. A linguagem HTML. Exemplo de página HTML Ferramentas para criar páginas HTML. Primeira Página HTML. Tags HTML básicas. Tags de parágrafo. Tags de quebra. Tags de cabeçalho. Tabelas. Imagem. Áudio. Link. Componentes para a formatação do texto.
Introdução. O HTML5. Estrutura do documento. Grupos de conteúdo. Semântica dos elementos. Edição. Tags iniciais, listas e links, textos, tabelas, imagens, formulários, conteúdo embutido.
O CSS. Como aplicar estilos seletivos aos elementos HTML. Mudança de cores Posicionamento de Conteúdo. Decoração da página com imagem de fundo. Outros. 
Descrição da aplicação. Componentes necessários, Windows, HTML, CSS. Instalação e Configuração. Desenvolvimento. Testes"	"Bibliografia Básica
FLATSCHART, Fábio. HTML 5: Embarque Imediato. São Paulo: Brasport, 2011.
MILETTO, Evandro Manara; BERTAGNOLLI, Silvia de Castro. Desenvolvimento de Software II: Introdução ao Desenvolvimento Web com HTML, CSS, JavaScript e PHP. Porto Alegre: Bookman, 2014.
TERUEL, Evandro Carlos. HTML 5: Guia Prático. São Paulo: Érica, 2014.
Bibliografia Complementar
DUCKETT, Jon. HTML e CSS: projete e construa Websites. Rio de Janeiro: Alta Books, 2016.
FREEMAN, Elisabeth; FREEMAN, Eric. Use a cabeça! HTML e CSS. Rio de Janeiro: Alta Books, 2015."
4	Fundamentos Matemáticos para Computação	Desenvolver a base matemática necessária para projeto de algoritmos e noções de complexidade.	"Conceitos básicos de matemática discreta e de lógica para computação. Técnicas de provas, indução matemática.
Relações e conceitos de teoria de grafos. Modelagem de problemas usando grafos."	"Conceitos básicos: lógica formal
Lógica de Predicados
Demonstrações
Relações de Recorrência
Relações, funções e matrizes
Grafos e Árvores
Algoritmos em Grafos
Revisão"	"Bibliografia básica
GERSTING, J. L. Fundamentos Matemáticos para a Ciência da Computação. 7. ed. São Paulo: LTC, 2016.
MENEZES, P. B. Matemática Discreta para Computação e Informática. Porto Alegre: Bookman, 2013.
ROSEN, K. H. Matemática Discreta e Suas Aplicações. Porto Alegre: AMGH, 2010.
Bibliografia complementar
LIPSCHUTZ, S.; LIPSON, M. Matemática Discreta. Porto Alegre: Bookman, 2013.
MORGADO, A. C.; CARVALHO, P. C. P. Matemática Discreta. Rio de Janeiro: SBM, 2015.
ROSEN, K. H. Discrete Mathematics and its applications. New Delhi: McGraw-Hill, 2011.
SCHEINERMAN, E. R. Matemática Discreta: uma Introdução. São Paulo: Cengage Learning, 2016.
VELLEMAN, D. J. How to prove it: A structured approach. New York: Cambridge University Press, 2006."
5	Estruturas de Dados	"Familiarizar os alunos com a modelagem e implementação de diferentes estruturas de dados, bem como os algoritmos
para gerenciá-las."	"Estruturas básicas para representação de informações: pilhas, filas e listas ligadas, árvores, grafos, tabelas de hash e
suas generalizações, implementações. Algoritmos para construção, consulta e manipulação de tais estruturas.
Desenvolvimento, implementação e testes de programas usando tais estruturas em aplicações específicas. Page-Rank."	"A linguagem C++
As visões das estruturas de dados
Lista encadeadas, Filas e Pilhas
Tabela Hash
Árvores binárias de busca
Árvores AVL e Grafos
Aplicações de Grafos – Page-Rank"	"Bibliografia básica
SZWARCFITER, Jayme Luiz; MARKENZON, Lilian. Estruturas de Dados e Seus Algoritmos. 2010. LTC.
EDELWEISS, Nina; GALANTE, Renata. Estruturas de Dados. 2011. Bookman.
AGUILAR, Luis Joyanes. Fundamentos de Programação: Algoritmos, estruturas de dados e objetos. 2008. AMGH.
Bibliografia complementar
Cormen, Thomas; Leiserson, Charles; Rivest, Ronald; Stein, Clifford. Algoritmos: Teoria e Prática. 2012. LTC.
Thomas, Cormen. Desmistificando Algoritmos. 2017. LTC.
Maner, Udi. Introduction to Algorithms: A Creative Approach. 1989. AddisonWesley Professional."
5	Formação Profissional em Computação	"Desenvolver conhecimentos básicos sobre as possibilidades de formação no Eixo de Computação, através de atividades
práticas, de forma a facilitar a decisão do aluno quanto à escolha da formação que deseja seguir."	"Caracterização do Pensamento Computacional e Evolução da Computação. Análise de possibilidades de formação no Eixo
de Computação. Conceitos sobre Paradigmas de Computação. Experimentação de Desenvolvimento de Software,
Algoritmos e Implementação em linguagem Python. Fundamentação de padrões técnicos da Web. Conceitos sobre IoT,
arquiteturas e protocolos. Introdução à Ciência de Dados e suas aplicações."	"Pensamento Computacional, Evolução da Computação, Conceitos de Paradigmas de Computação
Introdução ao Google Colab para implementação em Python e Ciência de Dados
Desenvolvimento de Software, Algoritmo e Implementação em Python
Padrões da Web, HTML, JSON e Python
IoT
MQTT e REST
Ciência de Dados"	"Bibliografia Básica
AMARAL, Fernando. Introdução à Ciência de Dados. 2016. Alta Books.
OLIVEIRA, Sérgio. Internet das Coisas com ESP8266, Arduino e Raspberry Pi. 2017. Novatec.
Bases de dados abertas como Portais da Transparência.
Bibliografia Complementar
GRUS, Joel. Data Science do zero: Primeiras Regras com o Python. 2016. Alta Books. 
Bases de dados atuais.
Manuais de kits IoT."
5	Sistemas Computacionais (Organização e Arquitetura de Computadores, SO)	"Compreender os mecanismos básicos de funcionamento do computador, incluindo noções de sistemas operacionais,
organização e arquitetura de computadores"	"Arquitetura de Von Neumann; Acesso à memória; Níveis de Cache; memória virtual e TLB; Chamadas de sistema;
Biblioteca Padrão; Noções de Linguagem C e de sua tradução para Assembly (laços, apontadores e chamada de
funções); Implementação de lista ligada com ponteiros em C; threads e processos; escalonamento de processos, time -
sharing, status de processos (executando, esperando CPU, esperando E/S); tratamento de interrupções."	"Conceitos gerais
Componentes do computador
Arquitetura e organização de computadores no apoio ao sistema operacional
Arquiteturas paralelas e arquiteturas avançadas
Noções de linguagem C
Linguagem de montagem
Linguagem assembly
Revisão"	"Bibliografia Básica
TANENBAUM, A. S. Organização Estruturada de Computadores. 5. ed. São Paulo: Pearson, 2007.
TANENBAUM, A. S. Sistemas Operacionais Modernos. 3. ed. São Paulo: Pearson, 2010.
DELGADO, J.; RIBEIRO, C. Arquitetura de Computadores. 5 ed. Rio de Janeiro: LTC, 2017.
Bibliografia Complementar
Patterson, D.; Hennessy, J. Organização e Projeto de Computadores. 5. ed. Rio de Janeiro: Elsevier, 2017"
6	Estatística e Probabilidade	Compreender técnicas e métodos para descrever e extrair informações sobre conjuntos de dados.	Estatística Descritiva (Definição: População, Amostra e Variáveis; Instrumental Matemático: Critérios de Arredondamento Numérico, Somatório); Distribuição de Frequência; Medidas de dispersão; Eventos e espaços amostrais. Independência, probabilidades condicionais e espaços produto. Variável aleatória. Variáveis aleatórias discretas (Bernoulli, binomial, Poisson, geométrica e hipergeométrica) e contínuas (uniforme, exponencial, gama, normal). Esperança e variância. Covariância e correlação. Processo de Poisson. Probabilidade condicional, esperança condicional. Sequências de variáveis aleatórias: noção, conceitos de convergência. Leis dos Grandes Números: conceito, a lei fraca, a lei forte; aplicações. Teoria Central do Limite -situação do problema; Teorema Central do Limite; aplicações. Distribuições amostrais (t, qui-quadrado e F). Introdução à Inferência Estatística.	"Introdução à estatística descritiva
Organização e apresentação de dados
Probabilidades
Variáveis aleatórias discretas
Variáveis aleatórias contínuas
Teorema central do limite e leis dos grandes números
Introdução à inferência estatística
Revisão geral"	"Bibliografia básica
CYMBALISTA, M.; FLEURY, A. L.; FERREIRA, R. G. Estatística. São Paulo: Blucher, 2016.
DEVORE, J. L. Probabilidade e Estatística para Engenharia e Ciências. 8. ed. São Paulo: Cengage Learning, 2015. ISBN 9788522111831.
MONTGOMERY, D. C.; RUNGER, G. C. Estatística Aplicada e Probabilidade para Engenheiros. 5. ed. São Paulo: LTC, 2012. ISBN 9788521619024.
Bibliografia complementar
CORREA, S. M. B. B. Probabilidade e Estatística. 2. ed. Belo Horizonte: PUC Minas Virtual, 2003.
COSTA NETO, P. L. O.; CYMBALISTA, M. Probabilidades. 2. ed. São Paulo: Blucher, 2006. ISBN 9788521203834.
COSTA NETO, P. L. O. Estatística. 2. ed. São Paulo: Blucher, 2002. ISBN 9788521203001.
LARSON, R.; FARBER, B. Estatística Aplicada. 4. ed. São Paulo: Pearson, 2010. ISBN 9788576053729.
WALPOLE, R. E. et al. Probabilidade e Estatística para Engenharia e Ciências. 8. ed. São Paulo: Pearson, 2009. ISBN 9788576051992"
6	Gestão da Inovação e Desenvolvimento de Produtos	Compreender técnicas de desenvolvimento de produtos e negócios bem como o fluxo de leva-los ao mercado	"Levantamento de ideias e descoberta de oportunidades de negócio. Prototipagem de ideias e projetos. Ferramentas (lean
startups, canvas, design thinking etc.). Análise de riscos de negócio. Fontes de financiamento de projetos. Criação de
empresas startups. Elaboração de plano de negócio. Processos de inovação e de desenvolvimento de produtos.
Diferenciação e segmentação do mercado."	"Inovação como fonte de vantagem competitiva
A gestão da inovação dentro das empresas
Desenvolvimento de novos produtos
Criatividade e inovação
Prototipagem de ideias e projetos inovadores
O Plano de Negócios
Modelagem de negócios e fontes de financiamento para projetos inovadores"	"Bibliografia Básica
Bergamo Filho, Clovis. Ruptura no modelo tradicional das empresas. 2019. Brassport.
Academia Pearson. Criatividade e Inovação. 2010. Pearson.
MAXIMIANO, A. C. A.; Administração para Empreendedores; Pearson; 2011.
Bibliografia Complementar
DORNELAS, J. C. A.; Empreendedorismo: transformando ideias em negócios; Atlas, 2016.
DORNELAS, J. C. A.; Plano de negócios: seu guia definitivo; Campus; 2011.
FERRARI, R. Empreendedorismo para computação: criando negócios de tecnologia; Elsevier; 2010.
GUERRINI, F. M., ESCRIVÃO FILHO, E.; ROSIM, D. Administração para Engenheiros; Elsevier; 2016.
SALIM, C., SILVA, N. Introdução ao Empreendedorismo: construindo uma atitude empreendedora; Elsevier; 2010."
6	Programação Orientada a Objetos	Introduzir noções de arquitetura de software com ênfase em programação orientada a objetos.	"Arquitetura de Software: coesão e acoplamento; Aprofundar os conceitos básicos de orientação a objetos, entre eles:
classes, objetos, interfaces, herança e polimorfismo; Introduzir técnicas de tratamento de erros com exceções; Noções
de cursos de bacharelado em Tecnologia da Informação, Ciência de Dados e Engenharia de Computação; 41 padrões de
projeto (explorando alguns exemplos como observer, adapter, null object); Apresentar noções de aspectos, funções
anônimas, closures e técnicas funcionais (Map, Filter, Fold etc.)."	"Paradigmas de programação / introdução ao paradigma orientado a objetos: classes e objetos
Encapsulamento e ocultação de informação /objetos, classes e subclasses em frameworks de desenvolvimento
Herança, polimorfismo e interfaces
Classes de coleções em Java
Conjuntos, mapas, classes e métodos genéricos
Tratamento de exceções
Serialização e deserialização de objetos, uso de threads em Java e programação Java para redes de computadores
Revisão"	"Bibliografia básica:
FÉLIX, R. Programação orientada a objetos. São Paulo: Pearson, 2017.
PUGA, S.; RISSETTI, G. Lógica de programação e estruturas de dados com aplicações em Java. São Paulo: Pearson, 2016.
SOMMERVILLE, I. Engenharia de Software. São Paulo: Pearson, 2007.
Bibliografia complementar:
STEPHEN, S.; BOCUTIU, S. Programando com Kotlin. São Paulo: Novatec, 2017.
DEITEL, H. M.; DEITEL, P.J. Java: Como Programar. 8. ed. São Paulo: Pearson Prentice-Hall, 8a 2010.
DEITEL, H. M.; DEITEL, P.J. Java: Como Programar. 6. ed. São Paulo: Pearson Prentice-Hall, 2005.
DEITEL, H. M.; DEITEL, P.J. C++: Como Programar. 5. ed. São Paulo: Pearson Prentice-Hall, 2006.
MIZRAHI, V. V. Treinamento em Linguagem C++: módulo 1. 2. ed. São Paulo: Pearson Prentice-Hall, 2006.
MIZRAHI, V. V. Treinamento em Linguagem C++: módulo 2. 2. ed. São Paulo: Pearson Prentice-Hall, 2006"
7	Banco de Dados	Projetar e implementar bancos de dados.	"Introdução a banco de dados (Processamento de Arquivos vs SGBDs, arquitetura de SGBDs). Modelagem de dados
(conceitual, modelo entidade-relacionamento). Linguagem de Consulta e Manipulação de Dados (SQL). Indexação,
Bancos de Dados Não Relacionais ou NoSQL (Bancos de Dados Orientados a Documentos, Bancos de Dados em Colunas,
Bancos de Orientados a Grafos). Mapeamento objeto-relacional (ORM)."	"Introdução a banco de dados e modelo entidade relacionamento
Modelo relacional e mapeamento do modelo entidade-relacionamento para o modelo relacional
Sistemas de gerenciamento de banco de dados de mercado e normalização
Introdução à linguagem SQL, indexação e ferramentas de manipulação de bancos de dados
Consultas usando SQL
Consultas combinadas de tabelas usando SQL e conceitos de “View” e “Data Lake”
Transações e introdução a bancos de dados não relacionais
Bancos de dados NoSQL – MongoDB. Revisão "	"Bibliografia básica:
DATE, C. J. Introdução a Sistemas de Bancos de Dados. Rio de Janeiro: Elsevier, 2003.
ELMASRI, R.; NAVATHE, S. B. Sistemas de Banco de Dados. São Paulo: Pearson, 2011.
Bibliografia complementar:
BANKER, K. MongoDB in action. [s.i.]: Manning Publications, 2011.
DATE, C. J. An introduction to database systems. [s.i.]: Pearson Education India, 1981.
NEERAJ, N. Mastering Apache Cassandra. [s.i.]: Packt Publishing, 2013.
SADALAGE, P. J.; FOWLER, M. NoSQL distilled: a brief guide to the emerging world of polyglot persistence. [s.i.]: Pearson Education, 2013."
7	Cálculo II	"O objetivo da disciplina é o estudo de funções de várias variáveis. Serão estudados: aspectos do cálculo diferencial com
ênfase na fórmula de Taylor e máximos e mínimos; conceitos relativos à teoria de integração, com integrais duplas e
triplas e aplicações; integrais de linha, teoria de campos conservativos, integrais de superfícies e os teoremas de Green,
Gauss e Stokes. A disciplina tem grande conexão com a Física, tendo muitos aspectos interdisciplinares. Ao final da
disciplina, o estudante terá uma visão bastante ampla dos conceitos de volumes, área e comprimento e dos conceitos
físicos de fluxo, trabalho e campos conservativos."	"Funções de várias variáveis reais; Fórmula de Taylor; máximos e mínimos; integrais múltiplas; integrais de linha;
Teorema da Divergência; Teorema de Stokes."	"Apresentação da disciplina e funções de várias variáveis
Limites e continuidade
Derivadas parciais, gradiente, curvas e superfícies de nível
Regra da cadeia
Fórmula de Taylor
Integral dupla e tripla
Teorema de Fubini
Mudança de variáveis. Coordenadas polares e cilíndricas
Coordenadas esféricas
Aplicações da integral dupla e tripla
Campos: gradiente, divergente, rotacional
Curvas no plano e no espaço
Integrais de linha
Campos conservativos
Teorema de Green
Superfícies em R3
Integrais de superfícies
Teorema de Gauss
Teorema de Stokes
Revisão"	"Bibliografia básica
GUIDORIZZI, H. L. Um curso de cálculo: volume 3. 5. ed. São Paulo: LTC, 2002.
MARQUES, G. C. Fundamentos da matemática II. Univesp, [s.i.].
STEWART, J. Cálculo: volume 2. 5. ed. São Paulo: Thompson, [s.i.].
Bibliografia complementar
SIMMONS, G. F. Cálculo com geometria analítica: volume 2. São Paulo: Makron Books, 1987.
FOULIS, D. J.; MUNEM, M. A. Cálculo: volume 2. São Paulo: LTC, [s.i.].
THOMAS, G. B. Cálculo: volume 2. 11. ed. São Paulo: Addison Wesley, [s.i.]."
7,5	Projeto Integrador em Computação I	Desenvolver um software com framework web que utilize noções de banco de dados praticando controle de versão.	"Resolução de problemas; levantamento de requisitos; desenvolvimento web com framework; HTML; CSS; banco de
dados; controle de versão."	"Análise do cenário
Entrega do plano de ação e definição do tema e do problema
Levantamento bibliográfico e estruturação
Entrega do relatório parcial e construção da proposta de solução
Análise dos resultados
Finalização da solução
Entrega do relatório final e do vídeo"	"Bibliografia básica
CASALE, A. Aprendizagem baseada em problemas: desenvolvimento de competências para o ensino em engenharia. 2013. Tese (Doutorado em Engenharia de Produção) – Escola de Engenharia de São Carlos, Universidade de São Paulo, São Paulo, 2013.
CAVALCANTI, C. M. C. Contribuições do design thinking para concepção de interfaces de ambientes virtuais de aprendizagem centradas no ser humano. 2015. Tese (Doutorado em Educação) – Faculdade de Educação, Universidade de São Paulo, São Paulo, 2015.
GERHARDT, T. E; SILVEIRA, D. T. Métodos de pesquisa. Porto Alegre: Editora UFRGS, 2009.
Bibliografia complementar
CIFREDO-CHACÕN, M. D. L. A.; QUIRÕS-OLOZÁBAL, A.; GUERRERO-RODRÍGUEZ, J. M. Computer architecture and FPGAs: a learning-by-doing methodology for digital-native students. In: Computer Applications in Engineering Education, [S. I.], v. 23, n. 3, 2015. p. 464-470.
PAPAVLASOPOULOU, S.; GIANNAKOS, M. N.; JACCHERI, L. Empirical studies on the Maker Movement, a promising approach to learning: a literature review. In: Entertainment Computing, [S. I.], v. 18, 2017. p. 57-78.
STUBER, E. C. Inovação pelo design: uma proposta para o processo de inovação através de workshops utilizando o design thinking e o design estratégico. 2012. Tese (Mestrado em Design) – Unidade Acadêmica de Pesquisa e PósGraduação, Universidade do Vale do Rio dos Sinos. Porto Alegre, 2012.
TAN, M.; YANG, Y.; YU, P. The influence of the maker movement on engineering and technology education. In: World Transactions on Engineering and Technology Education, [S. I.], v. 14, n. 1, 2016. p. 89-94.
YIN, R. K. Estudo de caso: planejamento e métodos. Porto Alegre: Bookman, 2015."
8	Desenvolvimento web	Desenvolver  sistemas  de  gestão  de  informação  e  de  conteúdo  através  da aplicações Web.	Noções de escalabilidade e concorrência; Arquiteturas Web (3 camadas, MVC e variações, orientação a serviços e microsserviços, estilo REST), Comunicação Síncrona e  Assíncrona,  Tecnologias  de  Interface  Gráfica  com  Usuário  (Front-End)  baseada  em Javascript (AngularJS,  Vue.js, React); Framerworks de apoio ao desenvolvimento back-end (como Django); Noções de segurança da informação.		"Bibliografia Base: 
MILETTO, Evandro Manara; BERTAGNOLLI, Silvia de Castro. Desenvolvimento de Software II: Introdução ao Desenvolvimento  Web com HTML, CSS, JavaScript e PHP. 2014. Bookman. 
Segurado, Valquiria Santos. Projeto de interface com o usuário. 2017. Pearson. 
Marinho,  Antonio  Lopes.  Desenvolvimento  de  aplicações  para  Internet.  2017. Pearson. 
Bibliografia Complementar: 
Percival, Harry J. W. TDD com Python. 2017. Novatec. 
Beerbohm, Max; Mohmmed, Moaml. 2019. Publicação Independente. 
Saudate, Alexandre. REST: Construa API's inteligentes de maneira simples. 2014. Casa do Código."
8	Introdução a Ciência de Dados	Utilização de ferramentas e bibliotecas para resolver problemas básicos de Ciência de Dados.	"Introdução à Ciência de Dados; Pandas, IPython, NumPy, Jupyter; Exemplos e estudos de caso; Descoberta de
conhecimentos em bases de dados; Mineração de dados, Preparação de dados; Pré -processamento de dados;
Modelagem de dados; Estudo de algoritmo preditivo simples (k-NN); Planejamento de experimentos; Análise de
resultados experimentais."	"Introdução à Ciência de Dados
Ferramental e Bibliotecas Python
Web Scraping e Uso de Arquivos
Descoberta e Preparação de Dados
Machine Learning
Predição e K-Nearest Neighbors (KNN)
Desenvolvendo um Projeto de Predição
Revisão"	"Bibliografia básica:
CARVALHO, A. C. P. de L. F. de. et al. Inteligência Artificial: Uma Abordagem de Aprendizado de Máquina. São Paulo: LTC, 2011.
MCKINNEY, W. Python para Análise de Dados. São Paulo: Novatec, 2018.
Bibliografia complementar:
PROVOST, F.; FAWCETT, T. Data Science for Business: What you need to know about data mining and data-analytic thinking. California: O'Reilly Media, 2013."
8	Estágio Supervisionado para Bacharelado em Ciência de Dados	"Levar o aluno ao desenvolvimento de atividades de caráter eminentemente pedagógico, que propiciem contatos com a
experiência da comunidade profissional e integração ao mercado de trabalho, bem como treinamento técnico-prático,
visando ao aprendizado de competência própria de atividade profissional e a contextualização curricular."	"O estágio supervisionado na Univesp se dá através da Coordenação Geral do Curso e segue as normas institucionais de
Estágio Supervisionado. Estágio curricular obrigatório deve ser realizado em empresas ou órgãos públicos ou privados das
mais diversas áreas, sob supervisão de um profissional da área de Ciências de dados com projeto alinhado ao
desenvolvimento pedagógico do curso. As atividades a serem desenvolvidas estão na Sala Virtual de Estágio no
BlackBoard."	"Percorrendo as áreas de atuação do cientista de dados
Como solicitar o estágio
Estágio: habilidades, formação e carreira
Relatório de atividades
Equivalência de estágio"	"Bibliografia Básica
BIANCHI, Anna Cecilia de Moraes; ALVARENGA, Marina; BIANCHI, Roberto. Manual de orientação: estágio supervisionado.
4ª ed. São Paulo: Cengage Learning, 2009. Disponível em: https://integrada.minhabiblioteca.com.br/#/books/9788522114047/cfi/0!/4/2@100:0.00. Acesso em: 20 fev. 2020.
ROESCH, Sylvia Maria Azevedo. Projetos de estágio e de pesquisa em administração: guia para estágios, trabalhos de conclusão, dissertações e estudos de caso. 3ª ed. São Paulo: Atlas, 2013. Disponível em: https://integrada.minhabiblioteca.com.br/#/books/9788522492572/cfi/0!/4/2@100:0.00 . Acesso em: 20 fev. 2020.
BRASIL. MINISTÉRIO DA EDUCAÇÃO. Resolução CNE/CES n. 5, de 16 de novembro de 2016: institui diretrizes curriculares nacionais para os cursos de Graduação na área da Computação. Disponível em: http://portal.mec.gov.br/index.php?option=com_docman&view=download&alias=52101-rces005-16-pdf&category_slug=novembro-2016-pdf&Itemid=30192. Acesso em: 20 fev. 2020. 
ZORZO, Avelino Francisco; NUNES, Daltro; MATOS, Ecivaldo et al. Referenciais de formação para os cursos de graduação em computação 2017: com base nas diretrizes curriculares nacionais homologadas pela Resolução n. 5 de 16/11/2016.
Sociedade Brasileira de Computação, 2017. Disponível em: http://www.sbc.org.br/documentosdasbc/send/127-educacao/1155-referenciais-de-formacao-para-cursos-de-graduacao-em-computacao-outubro2017. Acesso em: 20 fev.
2020.
Bibliografia Complementar
AMARAL, Fernando. Introdução à Ciência de Dados. [s.i.]: Alta Books, 2016.
BORSCHIVER, Suzana. Technology Roadmap: Planejamento Estratégico para alinhar Mercado-Produto-Tecnologia. [s.i.]: Interciência, 2016.
PROVOST, F.; FAWCETT, T. Data Science for Business: What you need to know about data mining and data-analytic thinking by O'Reilly Media. 2013.
BLUM, R. M. S. O.; SILVA B. M. G.; ABRUSIO, J. C. (Coord.). Manual de Direito Eletrônico e Internet. [s.i.]: Aduaneiras, 2006."
9	Engenharia de Software	Analisar, projetar, testar e entregar sistemas de software.	"Noções de Processo de Software (Modelos de Ciclos de Vida Clássicos e Ágeis). Engenharia de Requisitos (Técnicas de
Elicitação ou Levantamento de Requisitos). Arquitetura e Projeto de Software (Estilos Arquiteturais, Padrões de
Projeto, Refatoração, Anomalias, Reutilização com Componentes e Frameworks). Testes (Estratégias de Teste,
Desenvolvimento Dirigido por Testes, Teste Funcional e Estrutural, Teste de Desempenho e Segurança). Entrega
Contínua (Integração Contínua, Testes Automatizados, Contêineres, Gerência de Configuração e Processos de
Liberação de Software)."	"Processo de software
Engenharia de requisitos
Arquitetura e projeto de software
Reúso de software
Estratégias, técnicas e teste de software
Tipos de teste de software e desenvolvimento dirigido por testes
Entrega contínua
Revisão"	"Bibliografia Básica
PFLEEGER, S. L. Engenharia de software: teoria e prática. 2. ed. São Paulo: Pearson Prentice Hall, 2004.
PRESSMAN, R. S. Engenharia de software: uma abordagem profissional. 7. ed. Porto Alegre: AMGH, 2011.
SOMMERVILLE, I. Engenharia de software. São Paulo: Pearson, 2019.
Bibliografia Complementar
BEZERRA, E. Princípios de análise e projeto de sistemas com UML. 3. ed. Rio de Janeiro: Campus, 2015.
BOOCH, G.; RUMBAUGH, J.; JACOBSON, I. UML: guia do usuário. Rio de Janeiro: Campus, 2005.
CARVALHO, A.; CHIOSSI, T. Introdução à engenharia de software. Campinas: Unicamp, 2001.
MEDEIROS, E. Desenvolvendo software com UML definitivo 2.0. São Paulo: Pearson Makron Books, 2004.
YOURDON, E. Análise estruturada moderna. Série Yourdon Press. Rio de Janeiro: Campus, 1990."
9	Modelagem e Inferência Estatística	Desenvolver o conceito de modelos e inferência em conjuntos de dados.	"Regressão linear simples; Análise de ajuste; Estudo dos resíduos; Regressão múltipla; Regressão Bayesiana; Violações de
hipóteses básicas; Seleção de modelos; Multicolinearidade; Transformações de variáveis; Regressão não linear; Modelos
lineares generalizados."	"Regressão linear simples
Análise de ajustes
Teste de hipótese e Previsão da resposta
Adequações do modelo e modelos não lineares
Métodos de regressão gerais, Modelos Logístico e polinomial
Regressão múltipla parte 1
Regressão múltipla parte 2
Revisão"	"Bibliografia Básica
DEVORE, J. L. Probabilidade e Estatística Para Engenharia e Ciências. São Paulo: Cengage Learning, 2015. 8. ed. 712 p. ISBN 9788522111831.
CASTANHEIRA, Nelson Pereira. Estatística aplicada a todos os níveis. 2018. Intersaberes.
MONTGOMERY, D. C.; RUNGER, G. C. Estatística Aplicada e Probabilidade para Engenheiros. São Paulo: LTC, 2012. 5. ed. 548 p. ISBN 9788521619024.
Bibliografia Complementar
CASELLA, George; BERGER, Roger. Inferência Estatística. 2010. Cengage Learning."
9,5	Projeto Integrador em Computação II	"Desenvolver um software com framework web que utilize banco de dados, inclua script web (Javascript), nuvem, uso
de API, acessibilidade, controle de versão e testes. Opcionalmente, incluir análise de dados."	"Resolução de problemas. Levantamento de requisitos. Desenvolvimento web com framework. HTML. CSS. Linguagem
de script. Banco de Dados. Controle de Versão. Nuvem. API. Acessibilidade. Testes. Análise de dados."	"Análise do cenário
Entrega do Plano de Ação e definição do tema e do problema
Levantamento bibliográfico e estruturação
Entrega do relatório parcial e construção da proposta de solução
Análise dos resultados
Finalização da solução
Entrega do relatório final e do vídeo"	"Bibliografia básica
CASALE, A. Aprendizagem baseada em problemas: desenvolvimento de competências para o ensino em engenharia. 2013. Tese (Doutorado em Engenharia de Produção) – Escola de Engenharia de São Carlos, Universidade de São Paulo, São Paulo, 2013.
CAVALCANTI, C. M. C. Contribuições do design thinking para concepção de interfaces de ambientes virtuais de aprendizagem centradas no ser humano. 2015. Tese (Doutorado em Educação) – Faculdade de Educação, Universidade de São Paulo, São Paulo, 2015.
GERHARDT, T. E; SILVEIRA, D. T. Métodos de pesquisa. Porto Alegre: Editora UFRGS, 2009.
Bibliografia complementar
CIFREDO-CHACÕN, M. D. L. A.; QUIRÕS-OLOZÁBAL, A.; GUERRERO-RODRÍGUEZ, J. M. Computer architecture and FPGAs: a learning-by-doing methodology for digital-native students. In: CIFREDO-CHACÕN, M. D. L. A.; QUIRÕSOLOZÁBAL, A.; GUERRERO-RODRÍGUEZ, J. M. Computer Applications in Engineering Education, v. 23, n. 3, 2015. p. 464-470.
PAPAVLASOPOULOU, S.; GIANNAKOS, M. N.; JACCHERI, L. Empirical studies on the Maker Movement, a promising approach to learning: a literature review. In: PAPAVLASOPOULOU, S.; GIANNAKOS, M. N.; JACCHERI, L. Entertainment Computing, v. 18, 2017. p. 57-78.
STUBER, E. C. Inovação pelo design: uma proposta para o processo de inovação através de workshops utilizando o design thinking e o design estratégico. 2012. Tese (Mestrado em Design) – Unidade Acadêmica de Pesquisa e PósGraduação, Universidade do Vale do Rio dos Sinos. Porto Alegre, 2012.
TAN, M.; YANG, Y.; YU, P. The influence of the maker movement on engineering and technology education. In: TAN, M.; YANG, Y.; YU, P. World Transactions on Engineering and Technology Education, v. 14, n. 1, 2016. p. 89-94.
YIN, R. K. Estudo de caso: planejamento e métodos. Porto Alegre: Bookman, 2015"
10	Geometria Analítica e Álgebra Linear	"Apresentar o conteúdo de Geometria Analítica e Álgebra Linear, com material complementar, tendo em vista aplicações
na solução de problemas práticos, tecnológicos e da natureza."	"Sistemas Lineares; Vetores; Operações; Bases; Sistemas de Coordenadas; Distância: Norma e Ângulo; Produtos Escalar
e Vetorial; Retas no Plano e no Espaço; Planos; Posições Relativas, Interseções Distância e Ângulos; Circulo e Esfera;
Coordenadas Polares, Cilíndricas e Esféricas; Seções Cônicas, Classificação; Espaços Vetoriais Reais; Subespaços; Base
e Dimensão; Transformações Lineares e Matrizes; Núcleo e Imagem; Projeções; Autovalores e Autovetores; Produto
Interno; Matrizes Reais Especiais; Diagonalização."	"Matrizes
Sistemas Lineares
Determinantes de Matrizes
Geometria Analítica no Plano
Vetores no Plano e no Espaço
Geometria Analítica no Espaço
Transformações Lineares e Espaços Vetoriais
Revisão"	"Bibliografia básica
ANTON, H.; RORRES, R. Álgebra linear com aplicações. Porto Alegre: Bookman, 2012. 786 p. ISBN 9788540701694.
BOULOS P.; CAMARGO I. Geometria analítica. São Paulo: Prentice-Hall, 2005. 560 p. ISBN 9788587918918.
VENTURI, J. J. Álgebra vetorial e geometria analítica. Curitiba: Artes Gráficas e Editora Unificado, 2009. 242 p. ISBN 8585132485. Disponível em: <https://www.geometriaanalitica.com.br/copia-indice1>.
Bibliografia complementar
ANTON, H.; BUSBY, R. C. Álgebra linear contemporânea. Porto Alegre: Bookman, 2006. 612 p. ISBN 9788536306155.
CALLIOLI, C. A.; COSTA, R. F.; DOMINGUES, H. Álgebra linear e aplicações. São Paulo: Saraiva, 2005. 352 p. ISBN 9788570562975.
FRANCO, Neide. Álgebra Linear. São Paulo: Pearson Education do Brasil, 2016.
MIRANDA, D.; GRISI, R.; LODOVICI, S. Geometria analítica e álgebra linear. Santo André, SP: UFABC, 2015. 294 p. Disponível em: <https://gradmat.ufabc.edu.br/disciplinas/listas/ga/notasdeaulas/geometriaanaliticaevetorial-SGD.pdf>.
SANTOS, R. J. Um curso de geometria analítica e álgebra linear. Belo Horizonte: UFMG, 2012. 615 p. ISBN 8574700061."
10	Mineração de Dados	Apresentar as várias técnicas de mineração estatística de dados.	Introdução à mineração de dados. Análise estatística de dados. O processo de descoberta do conhecimento. Segmentação de sumarização de dados. Métodos de classificação supervisionada. Medidas de capacidade preditiva. Análise de associação. Análise de agrupamentos. Métodos de redução de dimensionalidade. Técnicas de seleção de atributos. Combinação de classificadores. Mineração com Restrições (Web Mining).	"Introdução à mineração de dados e descoberta de conhecimento
Pré-processamento de dados e redução de dados
Análise descritiva de dados
Métodos de classificação supervisionada
Análise de agrupamento
Análise de associação
Detecção de anomalias"	"Bibliografia Base
CARVALHO, A. C. P. de L. F. et al. Inteligência artificial: uma abordagem de aprendizado de máquina. Rio de Janeiro: LTC, 2011.
CASTRO, L. N. de; FERRARI, D. G. Introdução à mineração de dados: conceitos básicos, algoritmos e aplicações. São Paulo: Saraiva, 2016.
MORAIS, I. S. D. et al. Introdução a big data e internet das coisas (IoT). Porto Alegre: Grupo A, 2018.
Bibliografia Complementar
HASTIE, T.; TIBSHIRANI, R.; FRIEDMAN, J. The elements of statistical learning: data mining, inference, and prediction. Berlim: Springer-Verlag, 2001.
THEODORIDIS, S.; KOUTROUMBAS, K. Pattern recognition. Cambridge: Academic Press, 2008."
11	Infraestrutura de Sistemas de Software Redes, Nuvem	Compreender e aplicar conceitos de comunicação através de redes de computadores e forma de organização de sistemas em nuvem.	Redes de computadores e a internet. Noções de redes TCP/IP: redes de pacotes, broadcast, unicast, multicast, pacotes TCP/UDP/ICMP, endereços IPv4, DNS, CIDR, domínio de broadcast, conceito de roteamento, endereços MAC, mapeamento IP- >MAC (ARP), DHCP, hubs, switches, bridges, roteadores, portas (TCP/UDP), firewalls, DNAT/SNAT, IPv6. Noções de segurança em rede. Máquinas virtuais. Computação em nuvem: serviços comuns (VMs, BDs, armazenamento em buckets, load balancing etc.), elasticidade, efemeridade X persistência, redundância e tolerância a falhas. Contêineres e desenvolvimento usando contêineres. Noções de uso do docker e do openshift	"Redes de Computadores e a Internet
Modelagem da Infraestrutura Computacional para Aplicações em Larga Escala
Computação em Nuvem
Virtualização
Arquiteturas SOA e Web Services
Fundamentos de Arquiteturas de Micro Serviços
Estudos de caso de Infraestrutura para Sistemas de Software
Revisão"	"Bibliografia Base
KUROSE, J. F.; ROSS, K. W. Redes de Computadores e a Internet. 6ª ed. [s.i.]: Pearson, 2014.
TANENBAUM, A. S. J.; WETHERALL, D. J. Redes de Computadores. 5ª ed. [s.i.]: Pearson, 2011.
VITALINO, J. F. N.; CASTRO, M. A. N. Descomplicando o Docker. [s.i.]: Brassport, 2018.
Bibliografia Complementar
BARRETT, D. Redes de Computadores. [s.i.]: Editora LTC, 2010.
CASTELO BRANCO, K.; TEIXEIRA, M.; GURGEL, P. Redes de Computadores. [s.i.]: Campus, 2014.
FOROUZAN, B. A. Redes de Computadores: Uma Abordagem Top Down. [s.i.]: McGraw Hill, 2012.
MOTA FILHO, J. E. Análise de Tráfego em Redes TCP/IP. [s.i.]: Novatec, 2013.
TORRES, G. Redes de Computadores. 2ª ed. [s.i.]: Nova Terra, 2016."
11	Visualização Computacional	Desenvolver habilidades de apresentação de dados, relacionadas a interfaces e modelos de agregação e consolidação.	Abstração de dados; Visualização de dados tabulares (gráficos de pontos, de barras, de dispersão, mapas de calor entre outros); Visualização de dados espaciais (campos escalares, linhas de contorno, visualização volumétrica, campos vetoriais) e Redução de itens e atributos (filtragem e agregação).	"Introdução à Visualização de Dados e Análise de Dados
Visualização de dados em Big Data
Data storytelling/métricas e abordagens de apresentação de dados
Padrões cognitivos e efeitos visuais para apresentação dos dados
Ferramentas de visualização de dados
Exemplos de visualização e análise de dados
Entrevistas com especialistas
Revisão"	"Bibliografia Base
MILANI, Alessandra Maciel Paz; et al. Visualização de Dados. SAGAH, 2020.
SEGURADO, Valquiria Santos. Projeto de interface com o usuário. Pearson, 2017.
JÚNIOR, José Fernandes Chaves. Ferramenta de Desenvolvimento – Engine Unity. Érica, 2015.
BENYON, D. Interação Humano-computador; 2ª ed. Pearson, 2011.
Bibliografia Complementar
Manuais das ferramentas e frameworks utilizados."
11,5	Projeto Integrador em Computação III	Desenvolver um software com framework web ou aplicativo que utilize banco de dados, inclua script web (Javascript), nuvem, acessibilidade, controle de versão, integração contínua e testes. Incluir um dos seguintes requisitos: uso e fornecimento de API, análises de dados e IoT.	Resolução de problemas; Levantamento de requisitos; Desenvolvimento web com framework; Desenvolvimento de aplicativo; HTML, CSS; Linguagem de script; Banco de Dados; Controle de Versão; Nuvem; API; Acessibilidade; Integração Contínua; Testes; Análise de dados; IoT.	"Análise do cenário
Entrega do plano de ação e definição do tema e do problema
Levantamento bibliográfico e estruturação
Entrega do relatório parcial e construção da proposta de solução
Análise dos resultados
Finalização da solução
Entrega do relatório final e do vídeo"	"Bibliografia Base
CASALE, A. Aprendizagem baseada em problemas: desenvolvimento de competências para o ensino em engenharia. 2013. Tese (Doutorado em Engenharia de Produção) – Escola de Engenharia de São Carlos, Universidade de São Paulo, São Paulo, 2013.
CAVALCANTI, C. M. C. Contribuições do design thinking para concepção de interfaces de ambientes virtuais de aprendizagem centradas no ser humano. 2015. Tese (Doutorado em Educação) – Faculdade de Educação, Universidade de São Paulo, São Paulo, 2015.
GERHARDT, T. E; SILVEIRA, D. T. Métodos de pesquisa. Porto Alegre: Editora UFRGS, 2009.
Bibliografia Complementar
CIFREDO-CHACÕN, M. D. L. A.; QUIRÕS-OLOZÁBAL, A.; GUERRERO-RODRÍGUEZ, J. M. Computer architecture and FPGAs: a learning-by-doing methodology for digital-native students. In: _______. Computer Applications in Engineering Education, v. 23, n. 3, 2015. p. 464-470.
PAPAVLASOPOULOU, S.; GIANNAKOS, M. N.; JACCHERI, L. Empirical studies on the Maker Movement, a promising approach to learning: a literature review. In: ________. Entertainment Computing, v. 18, 2017. p. 57-78.
STUBER, E. C. Inovação pelo design: uma proposta para o processo de inovação através de workshops utilizando o design thinking e o design estratégico. 2012. Tese (Mestrado em Design) – Unidade Acadêmica de Pesquisa e PósGraduação, Universidade do Vale do Rio dos Sinos. Porto Alegre, 2012.
TAN, M.; YANG, Y.; YU, P. The influence of the maker movement on engineering and technology education. In: _____. World Transactions on Engineering and Technology Education, v. 14, n. 1, 2016. p. 89-94.
YIN, R. K. Estudo de caso: planejamento e métodos. Porto Alegre: Bookman, 2015."
12	Aprendizado de Máquinas	"Desenvolver conceitos de aprendizado de máquinas, com seus algoritmos e situações de uso.
"	Conceitos básicos e tarefas de aprendizagem; Algoritmos de indução de árvores de decisão; Aprendizado de regras de classificação; Algoritmos probabilísticos; Agrupamento de dados; Aprendizado baseado em instâncias; Algoritmos genéticos; Estimação de acurácia; Comparação de modelo; Conceitos básicos de agrupamento de dados e Agrupamento de dados por distância: Algoritmo k-médias, Fuzzy C-Means, Gustafson-Kessel.	"Conceitos básicos de Aprendizado de Máquina / Classificação usando Árvores de Decisão
Algoritmos Probabilísticos
Aprendizado baseado em maximização de margens
Agrupamento de Dados / Aprendizado baseado em distâncias
Algoritmos Genéticos
Estimação de Acurácia e Comparação de Modelos
Revisão"	"Bibliografia Base
CARVALHO, André Carlos Ponce de Leon Ferreira de. et al. Inteligência artificial: Uma Abordagem de Aprendizado de Máquina. São Paulo: LTC, 2011.
MEDEIROS, Luciano Frontino de. Inteligência artificial aplicada uma abordagem introdutória. Curitiba: Intersaberes, 2018.
Bibliografia Complementar
GERON, Aurelien Mãos à Obra: Aprendizado de Máquina com Scikit-Learn & TensorFlow. São Paulo: O’Reilly. 2019."
12	Computação Escalável	Permitir que o aluno saiba avaliar questões relacionadas a desempenho de aplicações e propor soluções escaláveis.	Avaliação de desempenho e perfilamento (profiling). Ferramentas de teste de carga (como Jmeter). Escalabilidade horizontal e vertical. Paralelismo e concorrência. Granularidade. Problemas facilmente paralelizáveis. Sistemas multicore e sistemas distribuídos. Conceito e uso de aceleradores (GPUs, FPGAs etc.) e bibliotecas de apoio. Bibliotecas para processamento de alto desempenho (Pandas, Numpy etc.). Ferramentas Map/Reduce para Big Data (como Spark). Ferramentas para gestão de sistemas distribuídos com containers (OpenShift)	"Introdução à computação paralela e distribuída
Paralelismo, concorrência e escalabilidade
Infraestrutura para computação paralela e distribuída
Frameworks para computação paralela
Ferramentas para processamento de dados em larga escala
Avaliação de desempenho, carga de trabalho em aplicações e ferramentas de teste
OpenShift: introdução, arquitetura e deploy de aplicações
Revisão"	"Bibliografia Base
BRYANT, R.; O'HALLARON, D. R. Computer Systems: A Programmer's Perspective. 2. ed. Boston: Pearson Education, 2003. CENAPAD Introdução ao OpenMP. . [S. I.], 2014.
HAGER, G.; WELLEIN, G. Introduction to High Performance Computing for Scientists and Engineers. Boca Raton: CRC Press, 2 jul. 2010.
Bibliografia Complementar
DREPPER, U. What Every Programmer Should Know About Memory. Red Hat, 2007. Disponível em: https://www.akkadia.org/drepper/cpumemory.pdf.
FOG, A. Optimizing software in C++: An optimization guide for Windows, Linux, and Mac platforms. Agner, 2022. Disponível em: http://www.agner.org/optimize/.
GRAMA, A. et al. Introduction to Parallel Computing: Design and analysis of algorithms. Noida: Pearson India, 2003."
13	Impactos da Computação na Sociedade	Compreender os impactos da utilização da computação nos mais variados setores da sociedade. Analisar os impactos de sua utilização em relação à ética, cidadania e sociedade. Os objetivos da disciplina envolvem o estímulo a aspectos de cidadania dos alunos; o desenvolvimento do espírito crítico e capacidade de reflexão sobre o papel do profissional de computação; a elaboração de propostas efetivas para melhoria da sociedade, inclusão digital e a discussão sobre os impactos de IA na sociedade, bem como o uso e manipulação de big data e as questões éticas e de privacidade associadas. Esta disciplina é um espaço de reflexão para o futuro profissional de computação situar-se como ator na defesa da qualidade e da ética em sua profissão.	A computação é utilizada nos mais variados setores da sociedade. A análise dos impactos de sua utilização, além dos aspectos éticos envolvidos, bem como a evolução e mudanças históricas associadas, são fundamentais para a formação dos profissionais de computação. Os objetivos da disciplina envolvem o estímulo a aspectos de cidadania dos alunos; o desenvolvimento do espírito crítico e capacidade de reflexão sobre o papel do profissional de computação; a elaboração de propostas efetivas para melhoria da sociedade e a discussão sobre os impactos de IA na sociedade, bem como o uso e manipulação de big data e as questões éticas e de privacidade associadas.	"O Profissional de computação: formação e regulamentação da profissão
Ética em computação, gênero e tecnologias
Novas tecnologias e as cidades do futuro
Sustentabilidade e computação
Tecnologias e acessibilidade
Direitos autorais, licenças e patentes
Software livre, ética e inteligência artificial
Revisão"	"Bibliografia Base
BLUM, Rita Peixoto F. O Direito à Privacidade e à Proteção dos Dados do Consumidor. 2nd edição. Grupo Almedina (Portugal), 2018. Disponível em: https://integrada.minhabiblioteca.com.br/reader/books/9788584933181/pageid/0. Acesso em: 17 out. 2022.
SPANHOL, Fernando, J. et al. Tecnologias da Informação e Comunicação na Segurança Pública e Direitos Humanos. 2nd edição. Editora Blucher, 2016. Disponível em: https://integrada.minhabiblioteca.com.br/reader/books/9788580391763/pageid/0. Acesso em: 17 out. 2022.
MACIEL, Cristiano; VITERBO, José (Org.). Computação e sociedade: a profissão - volume 1. [e-book]. 1ª edição. Cuiabá-MT: EdUFMT Digital, 2020. 270 p. ISBN 978-65-5588-046-5. Disponível em: https://sol.sbc.org.br/livros/index.php/sbc/catalog/book/73. Acesso em: 03 nov. 2022.
MACIEL, Cristiano; VITERBO, José (Org.). Computação e sociedade: a sociedade - volume 2. [e-book]. 1ª edição. Cuiabá-MT: EdUFMT Digital, 2020. 270 p. ISBN 978-65-5588-046-5. Disponível em: https://sol.sbc.org.br/livros/index.php/sbc/catalog/book/74. Acesso em: 03 nov. 2022.
MACIEL, Cristiano; VITERBO, José (Org.). Computação e sociedade: a tecnologia - volume 3. [e-book]. 1ª edição. Cuiabá-MT: EdUFMT Digital, 2020. 270 p. ISBN 978-65-5588-046-5. Disponível em: https://sol.sbc.org.br/livros/index.php/sbc/catalog/book/75. Acesso em: 03 nov. 2022.
Bibliografia Complementar
BATISTA, Sueli Soares dos, S.; FREIRE, Emerson. Sociedade e Tecnologia na Era Digital. Editora Saraiva, 2014. Disponível em: https://integrada.minhabiblioteca.com.br/reader/books/9788536522531/pageid/0. Acesso em: 18 out. 2022.
InVesalius. Plataforma open source para reconstrução, no formato 3D, de imagens 2D geradas em exames realizados em equipamentos de tomografia computadorizada ou ressonância magnética. Disponível em: https://www.gov.br/cti/pt-br/acesso-a-informacao/acoes-e-programas/invesalius. Acesso em: 18 out. 2022.
LOPES FILHO, Artur R. I. et. al. Ética e Cidadania, 2nd Edition. Disponível em: https://integrada.minhabiblioteca.com.br/reader/books/9788595024816/pageid/0. Acesso em: 18 out. 2022.
SÁ, Antônio Lopes D. Ética Profissional. Grupo GEN, 2019. Disponível em: https://integrada.minhabiblioteca.com.br/reader/books/9788597021653/epubcfi/6/2%5B%3Bvnd.vst.idref%3D html0%5D!/4/2/2%4051:39. Acesso em: 19 out. 2022.
SILVA, José Vitor D. Bioética: Visão Multidimensional. Editora Saraiva, 2010. Disponível em: https://integrada.minhabiblioteca.com.br/reader/books/9788576140863/pageid/0. Acesso em: 19 out. 2022."
13	Redes Neurais	Apresentar os conceitos básicos de redes neurais, suas formas de organização e mecanismos de funcionamento.	Fundamentos Biológicos; Neurônio Artificial; Arquitetura das redes neurais; Perceptron e Adalaine; Normalização dos dados; Redes MLP; Rede de funções de base radial; Modelo de Hopfield; Modelo de Kohonen; Redes recorrentes e Algoritmo Backpropagation.	"Introdução às Redes Neurais Artificiais
Arquiteturas de redes, preparação dos dados e modelos lineares
Redes Neurais Multilayer Perceptron (MLP) e o Algoritmo de Retropropagação
Otimização, treinamento e regularização em redes MLP
Introdução às redes de funções de base radial (RBF) e aos mapas auto-organizáveis (SOM)
Máquinas baseadas em energia: Boltzmann e Hopfield
Redes recorrentes e suas principais arquiteturas
Revisão"	"Bibliografia Base
LUGER, George F. Inteligência artificial. Pearson, 2013.
NORVIG, P.; Inteligência Artificial. 3ª Ed.; Elsevier, 2013.
HAYKIN, Simon. Redes Neurais: Princípios e Prática. Bookman, 2011.
CARVALHO, André Carlos Ponce de Leon Ferreira de; FACELI, Katti; LORENA, Ana Carolina; GAMA, João. Inteligência. Artificial - Uma Abordagem de Aprendizado de Máquina. LTC, 2011.
Bibliografia Complementar
AVILA, R. N. P. Inteligência Artificial - Redes Neurais e Robótica; Ciência Moderna, 2016.
CARVALHO, A. Inteligência Artificial - Uma Abordagem de Aprendizado de Máquina. LTC, 2011.
ROSA, J. L. G. Fundamentos da Inteligência Artificial. LTC, 2011.
LIMA, I.; PINHEIRO, C.; OLIVEIRA, F. S. Inteligência Artificial. Elsevier, 2014.
Artigos recentes da área."
13,5	Projeto Integrador em Computação IV	Desenvolver análise de dados em escala utilizando algum conjunto de dados existentes ou capturados por IoT e aprendizagem de máquina. Preparar uma interface para visualização dos resultados.	Resolução de Problemas; Visualização de dados; Nuvem; Projeto IoT; Aprendizagem de Máquina		
14	Aprendizado Profundo	Aprimorar os conceitos de redes neurais apresentando o aprendizado profundo, os tipos de algoritmos e seus usos.	Introdução aos conceitos de deep learning (necessidades de hardware, back-end, front-end); Convolutional Neural Networks – CNNs (histórico, arquiteturas, treinamento, aplicações, práticas); Recurrent Neural Networks – RNN (histórico, arquiteturas, treinamento, aplicações, práticas); Unsupervised Learning networks (autoencoders, sparse coding): histórico, arquiteturas, treinamento, aplicações, práticas; Reinforced Learning networks (histórico, arquiteturas, treinamento, aplicações, práticas).	"Introdução ao Aprendizado Profundo
Redes Convolucionais
Redes Recorrentes
Introdução aos Autoencoders
Modelos de Redes Neurais Generativas
Aprendizado por Reforço
Tópicos Avançados em Aprendizado Profundo
Revisão"	"Bibliografia Base
CARVALHO, A. C. P. de L. F. de et al. Inteligência Artificial: Uma Abordagem de Aprendizado de Máquina. São Paulo: LTC, 2011.
NORVIG, P. Inteligência Artificial. 3. ed. São Paulo: Elsevier, 2013.
Bibliografia Complementar
GOODFELLOW, I. Deep Learning. Massachusetts: MIT Press, 2016"
14	Visão Computacional	Apresentar os principais conceitos envolvidos na aquisição, processamento e análise de imagens digitais. Preparar os alunos para o uso de desenvolvimento de sistemas de processamento e análise de imagens.	Conceitos básicos de processamento de imagens, correspondências e arestas, álgebra linear e coordenadas homogêneas, representações de rotações. Projeções ortográficas, perspectivas e afins. Câmeras e suas calibrações. Matriz essencial, matriz fundamental, homografia, RANSAC. Fatoração rígida e não rígida. Rastreamento, filtro de Kalman e de partículas. Localização e reconhecimento de objetos	"Introdução à visão computacional
Pré-processamento de imagens
Imagens coloridas e câmeras
Aprendizado de máquina
Segmentação de imagens
Classificação de imagens
Reconhecimento de objetos
Revisão"	"Bibliografia Base
DAVIES, E. R. Computer Vision: principles, algorithms, applications, learning. Massachusetts: Academic Press, 2017.
CASTLEMAN, R. Digital Image Processing. New Jersey: Prentice Hall, 1995.
SZELISKI, R. Computer Vision: algorithms and applications. New Jersey: Prentice Hall, 2010.
Bibliografia Complementar
DUDA, R. O.; HART, P. E. Pattern Classification and Scene Analysis. New Jersey: John Wiley & Sons, 1973.
KONG, T. Y.; ROSENFELD, A. Digital Topology: Introduction and Survey. Computer Vision, Graphics and Image Processing, v. 48, p. 357-393, 1989."
15	Processamento de Linguagem Natural 	Introduzir conceitos de técnicas de interpretação da linguagem humana por sistemas computacionais.	Introdução ao processamento de linguagem natural; aplicações de PLN; gramáticas e análise sintática (classificação de Chomsky); técnicas de análise semântica; modelos de representação de conhecimento; representação lógica; semântica procedimental e representações híbridas.	"Introdução ao Processamento de Linguagem Natural
Corpus e Similaridade Textual
Modelos de Linguagem e Representações Vetoriais
Embeddings
Aprendizado de máquina
Classificação de textos
Análise de sentimentos
Revisão"	"Bibliografia Base
LUGER, G. F. Inteligência artificial. São Paulo: Pearson, 2013.
Bibliografia Complementar
EISENSTEIN, J. Introduction to Natural Language Processing. Massachusetts: MIT Press, 2019."
15	Segurança da Informação	Apresentar os conceitos básicos e ferramentas de segurança da informação.	Confidencialidade, integridade, disponibilidade e autenticidade; privacidade; políticas de segurança; monitoramento e backups (locais e remotos); permissões de acesso padrão e estendidas, controle de privilégios POSIX (capabilities); autenticação e autorização; fatores de autenticação e autorização (saber algo, ter algo, ser algo); autenticação e autorização com múltiplos fatores; programas maliciosos e spam; noções de uso de protocolos de criptografia simétrica e assimétrica: pgp/gpg, ssh; HTTPS, certificados, autoridades certificadoras e Let's Encrypt; hashes criptográficos e assinaturas digitais; gestão de senhas; segurança em redes: firewalls, prevenção e detecção de invasões (IPS e IDS), VPNs, vulnerabilidades e atualizações de software; segurança em dispositivos e sistemas IoT.	"Segurança da Informação
Confidencialidade
Códigos de Autenticação de Mensagens e Funções Hash
Criptografia Assimétrica e Certificados Digitais
Mecanismos de Autenticação e Softwares Maliciosos
Aspectos Relacionados à Invasão de Sistemas e Medidas de Segurança
Segurança em Nuvens Computacionais e em Internet das Coisas
Revisão"	"Bibliografia Base
BOSWORTH S., KABAY E. M., WHYNE E. Computer Security Handbook. 5. ed. New York: Willey .2014.
BRANQUINHO, M. A. et al. Segurança de Automação Industrial e SCADA. Rio de Janeiro: Elsevier, 2014.
STALLINGS W., BROWN, L. Computer Security: Principles and Practices. 3. ed. London: Pearson, 2016.
Bibliografia Complementar
BEJTLICH, R. The Practice of Network Security Monitoring. San Francisco: No Starch Press, 2013.
BOLLINGER, J., ENRIGHT, B., VALITES, M. Crafting the InfoSec Playbook: Security Monitoring and Incident Response Master Plan. Sebastopol: O'Reilly Media, 2015.
FERGUSON, F., SCHNEIER, B., KOHNO, T. Cryptography Engineering: Design Principles and Practical Applications. New York: Wiley, 2010.
LUTTGENS, J., PEPE, M., MANDIA, K. Incident Response & Computer Forensics. 3. ed. New York: MacGraw Hill, 2014. SHOSTACK, A. Threat Modeling: Designing for Security. New York: Wiley 2014.
STAMP, M. Information Security: Principles and Practice. 2. ed. New York: Willey, 2011."
15,5	Trabalho de Conclusão de Curso (TCC)	Desenvolver pesquisa sobre um assunto de interesse, vinculado à Ciência de Dados. O resultado do trabalho deverá ser a apresentação de uma monografia ou artigo.	Atividades de pesquisa na área de Ciência de Dados que favoreça uma visão ampla das disciplinas ofertadas ao longo do curso, articulando os conhecimentos adquiridos com o processo de investigação e reflexão acerca do tema estabelecido.	"Chegamos no TCC, e agora?
Escolhendo um tema
Delimitação do tema e objetivos
Material e Métodos
Coleta de Dados
Análise, discussão dos resultados e considerações finais
Revisão final"	"Bibliografia Base
ACEVEDO, Claudia Rosa. Como fazer monografias: TCC, dissertações e teses. São Paulo: Atlas, 2013..
FLICK, Uwe. Introdução à metodologia de pesquisa: um guia para iniciantes. Porto Alegre: Penso, 2012. ISBN: 9788565848138..
DEMO, P. Pesquisa e informação qualitativa: aportes metodológicos. Campinas: Papirus, 2012. ISBN: 9788530806248.
Bibliografia Complementar
ALMEIDA, Mário de Souza. Elaboração de projeto, TCC, dissertação e tese: uma abordagem simples, prática e objetiva. São Paulo: Atlas, 2014.
GIL, Antonio Carlos. Metodologia do ensino superior. 4. ed. São Paulo: Atlas, 2011. ISBN: 9788522465996."
16	Eletiva 				
16	Planejamento Estratégico de Negócios 	Ensinar o aluno a desenvolver planos de negócios com análises de viabilidade financeira e de mercado.	Fundamentos do Plano de Negócios, caracterização da empresa, estudos de mercado e condicionantes estratégicos, planejamento operacional, estrutura de custos e precificação, planejamento econômico e financeiro e análise de viabilidade.	"Fundamentos básicos de planejamento de negócios
O processo de administração estratégica e a obtenção de vantagem competitiva
Diagnóstico do ambiente externo
Diagnóstico do ambiente interno
Plano estratégico
Planejamento mercadológico
Planejamento operacional e financeiro"	"Bibliografia Base
BIAGIO, Luiz Arnaldo; BATOCCHIO, Antonio. Plano de negócios estratégia para micro e pequenas empresas. São Paulo: Manole, 2012.
BORSCHIVER, Suzana. Technology Roadmap: Planejamento Estratégico para alinhar Mercado-ProdutoTecnologia. Rio de Janeiro: Interciência, 2016.
CAMPOS, Letícia Mirella Fischer. Administração estratégica: planejamento ferramentas e implantação. São Paulo: Intersaberes, 2016.
Bibliografia Complementar
OLIVEIRA, Djalma de Pinho Rebouças de. Planejamento Estratégico: Conceitos, Metodologia, Práticas. São Paulo: Atlas, 2015."
