Data	Canal	Evento	Responsável	Observações	Função
17/01/2023 17:32	Fórum AVA	Reuniões quinzenais	Univesp	(Publicado há 2 anos) Fórum: Quinzena 1 - Fórum temático - O quê e como pesquisar Compartilhe com seus colegas sua explicação quanto à relevância do tema para a sua área de conhecimento e para a sociedade. Com essa troca, certamente as ideias irão amadurecer.	Gestão Acadêmica
15/06/2023 20:04	Fórum AVA	Fórum AVA	Univesp	(Publicado há 2 anos) Fórum: Quinzena 4 - Fórum temático - Fontes bibliográficas Compartilhe com seus colegas ao menos três fontes bibliográficas que você está utilizando, informando também o site que usou para buscar a referência. Assim, você e seus colegas podem se ajudar uns aos outros.	Gestão Acadêmica
15/07/2025 23:02	Teams	Convite geral	Pascoal	Alguém do ABC paulista e região para formar grupo de tcc em ciência de dados?	Não Atribuído
20/07/2025 23:59	SEI	Final das inscrições	Univesp	Estudante, Começou o período para escolha de grupos! Será possível fazer essa seleção de 15 a 20 de Julho. Não esqueça de fazer a escolha antes do fim do prazo, pois posteriormente não será possível realizar alterações!	Gestão Acadêmica
23/07/2025 14:36	E-mail	Contato da Edna	Edna	Favor entrar em contato para  grupo Whatsapp  Grupo TCC    Edna Aparecida Nascimento  celular 19 998798507	Não Atribuído
31/07/2025 11:31	E-mail	Convocação	Elysio	Peço que confirmem seus e-mails acadêmicos para criarmos um grupo no Teams (para gerenciarmos os arquivos e o projeto) e confirmem seus números de whatsapp para conversarmos. Bons estudos!!	Gestão do TCC
06/08/2025 00:00	Fórum AVA	Fórum geral - Apresentação Orientadora	Marina Schimidt 	Me chamo Marina Schimidt e sou a facilitadora responsável por acompanhar vocês neste início da disciplina de Trabalho de Conclusão de Curso (TCC). Gostaria de informar que estou finalizando meu vínculo com a Univesp na próxima semana, pois já concluí o prazo previsto de atuação na Pós-Graduação. Por isso, em breve vocês receberão o contato do(a) novo(a) facilitador(a) que irá orientá-los ao longo da disciplina. Enquanto aguardam esse contato, recomendo que o grupo já comece a se organizar: reúnam-se, discutam possíveis temas, combinem formas de trabalho e definam como cada integrante poderá contribuir para o desenvolvimento do TCC. Essa preparação inicial é essencial para garantir um bom andamento do projeto.	Gestão Acadêmica
09/08/2025 17:08	E-mail	Convocação	Elysio	Estamos relativamente atrasados. Podem me mandar mensagem para podermos criar um grupo do WhatsApp? Meu celular é: 11 99382-6489	Gestão do TCC
11/08/2025 11:57	Whatsapp	Criação do grupo	Elysio	Criação do grupo do Whatsapp.	Gestão do TCC
12/08/2025 07:00	Teams	Criação da Equipe	Elysio	Boas vindas ao nosso grupo do TCC onde podemos concentrar nossos esforços. Todas as sugestões e críticas são bem-vindas! 	Gestão do TCC
12/08/2025 07:45	Teams - Arquivos	Adicionado Arquivo de Calendário Outlook	Elysio	cronograma_tcc_2025_2 (calendário do Outlook)	Não Atribuído
12/08/2025 08:26	Diário AVA	Criação do grupo de Whatsapp	Elysio	Link para o grupo do WhatsApp: https://chat.whatsapp.com/FW12P8HYQyXGrkWsUZQ2rt	Gestão do TCC
12/08/2025 08:27	Diário AVA	Criação da equipe do Teams	Elysio	Link para o grupo do Teams: Geral | TCC530-SALA-001GRUPO-005 | Microsoft Teams	Gestão do TCC
12/08/2025 08:39	E-mail	Convocação	Elysio	Para iniciarmos nossos trabalhos, vamos precisar de algumas coisas: Qual é a conta do Paschoal: RA 2107032 ou 1903506. Entrem no grupo do WhatsApp e deem um oi: https://chat.whatsapp.com/FW12P8HYQyXGrkWsUZQ2rt A equipe do Teams que usaremos será: Geral | TCC530-SALA-001GRUPO-005 | Microsoft Teams pedimos que todos leiam os conteúdos e exigências do TCC. A primeira quinzena começou ontem (11 de agosto). devemos marcar uma reunião para nos conheceremos, definirmos o nosso calendário e oficialmente começarmos o projeto. Assim, já comecemos a pensar no que faremos, tá?	Gestão do TCC
12/08/2025 09:00	Teams	Tabela de RH do grupo	Elysio	Adição da tabela de membros no Teams	Gestão do TCC
12/08/2025 09:14	Teams	Registro de Atividades	Elysio	Adição desta tabela nos arquivos do Teams	Não Atribuído
12/08/2025 09:25	Fórum AVA	Fórum geral - Resposta Elysio	Elysio	Olá, Orientadora Marina Schimidt! Obrigado pelo contato e desculpe pela demora para responder! Sou Elysio e estou no último semestre de BCD do Polo Butantã - São Paulo. Faço estágio remoto para um advogado e só terei que fazer a disciplina eletiva no bimestre que vem. Até lá, tenho alguma disponibilidade para dedicar-me ao TCC no que o grupo considerar relevante e espero contribuir da melhor forma possível. Espero que seu final de contrato seja compensador e que novos horizontes se abram para você! Ao meu ver, ainda estamos procurando alguns membros do grupo, mas alguns já estão participando: 	Não Atribuído
12/08/2025 09:43	Teams - Arquivos	Adicionado Link para o Cronograma de TCC	Elysio	https://assets.univesp.br/cronograma/2025/cronograma_tcc_2.html	Gestão Acadêmica
12/08/2025 09:57	Teams - Plano	Criação do Project Plan	Elysio	Criação do Plano do Projeto - Quinzenas adicionadas	Não Atribuído
12/08/2025 13:30	Teams - Plano	Adicionados detalhes para o Project Plan	Elysio	Adicionadas as bibliografias, entregas, datas e outras informações de cada quinzena 	Não Atribuído
14/08/2025 12:00	Teams - Arquivos	Adicionado arquivo de CBO para CD	Elysio	Planilha com a descrição dos recursos, competências, áreas de atividade, formação e experiência e descrição sumária da ocupação de Cientista de Dados, de acordo com a CBO - Classificação Brasileira de Ocupações.	Não Atribuído
14/08/2025 12:00	Teams - Arquivos	Adicionado arquivo do PPC do curso	Elysio	PPC do curso adquirido no site da Univesp	Não Atribuído
14/08/2025 12:00	Teams - Arquivos	Adicionado arquivo dos perfis dos egressos	Elysio	Planilha do Perfil dos egressos de BTI e BCD	Não Atribuído
14/08/2025 12:00	Teams - Arquivos	Adicionado arquivo da lista das disciplinas	Elysio	Lista de disciplinas	Gestão Acadêmica
14/08/2025 12:00	Teams - Arquivos	Adicionado arquivo do conteúdo das disciplinas	Elysio	Planilha dos conteúdos das disciplinas (objetivos, ementas, semanas, bibliografias)	Gestão Acadêmica
14/08/2025 12:00	Teams - Arquivos	Adicionado arquivo das áreas de atuação de CD	Elysio	Planilha com as Áreas de atuação de Cientista de dados de acordo com o PPC	Não Atribuído
14/08/2025 12:30	Teams - Arquivos	Adicionado arquivo de análise de rúbricas	Elysio	Incluí a planilha de análise de rúbricas (requisitos do TCC) na pasta do plano do projeto, mas ainda precisa ser melhor processada para podermos fazer o plano	Não Atribuído
14/08/2025 12:45	Teams - Arquivos	Adicionado arquivo de indicação de temas	Elysio	Adicionado arquivo de indicação de temas para o TCC pela Univesp	Pesquisa Acadêmica
16/08/2025 14:30	Teams - Arquivos	Atualização de cadastro de propostas	Elysio	Cadastro de propostas convertido em tabela	Gestão da Proposta
16/08/2025 15:52	Fórum AVA	Pergunta sobre reuniões com a Orientadora	Elysio	Olá! Não teremos reuniões com a Orientadora?	Gestão Acadêmica
17/08/2025 15:12	Whatsapp	Envio de prompt e cadastro de propostas	Elysio	Envio das descrições das colunas da tabela de propostas com sugestão de prompt para pesquisa pelos membros	Gestão da Proposta
17/08/2025 17:44	Fórum AVA	Atualização  dos membros ativos e pergunta sobre reuniões	Elysio	Atualizando... Já estamos com 7 membros ativos, exceto o Weslley. Gostaria de confirmar se teremos reuniões com o orientador nesse TCC.	Não Atribuído
19/08/2025 20:00	Teams	Primeira reunião (videoconferência) dos membros	Todos	Apresentação dos membros, apresentação dos materiais, conversa sobre etapas e temas.	Gestão do TCC
19/08/2025 20:00	Planilha de RH	Atualização dos dados dos membros	Todos	Preenchimento dos campos faltantes e anotações sobre as competências e experiências da equipe.	Não Atribuído
21/08/2025 00:00	Planner	Adição da tarefa de Criação do Escopo do Projeto	Elysio	Adaptação dos processos de iniciação do PMBOK para uso específico no TCC, cuja saída principal é o Escopo do Projeto.	Gestão da Proposta
21/08/2025 19:15	Teams - Arquivos	Adição de arquivo de competições em IA	Elysio	Competições para 8 pessoas de Ciência de Dados com inscrições entre setembro e dezembro de 2025 compatíveis com o nosso TCC.	Não Atribuído
21/08/2025 19:15	Planner	Adição de competições às entradas do escopo	Elysio	Adição da tabela de competições em IA para entradas do projeto	Gestão da Proposta
21/08/2025 19:23	Planilha de Propostas	Adição de competições às propostas	Elysio	Criação de propostas de projeto relacionadas a competições, olimpíadas, etc.	Gestão da Proposta
21/08/2025 20:00	Planilha de Propostas	Adição de TCCs anteriores e externos às propostas	Elysio	Conversão de TCCs e afins às propostas para referência	Gestão Acadêmica
21/08/2025 13:52	Teams - Arquivos	Adição de pdfs de TCCs anteriores e externos 	Wesllei	Adição de arquivos PDF de TCCs de turmas anteriores da Univesp como inspirações para escolha do projeto e referência de formatação e layout	Gestão Acadêmica
22/08/2025 16:53	Planner	"Adição da tarefa de ""gestão de RH"""	Elysio	Tarefa de planejamento de RH para definição do plano do projeto - Disponibilidade e áreas.	Não Atribuído
22/08/2025 16:53	Whatsapp	Enquetes de Disponibilidade de horas/semana	Elysio	Membros definem quantas horas por semana estimam poder oferecer ao TCC.	Gestão do TCC
22/08/2025 16:53	Whatsapp	Enquetes de áreas Principal e Secundária	Elysio	Membros definem quais áreas preferenciais (principais e secundárias) para atuarem.	Gestão do TCC
23/08/2025 19:01	Fórum Teams	Postagem sobre discussão de propostas	Elysio	"E aí, turma! Tudo tranquilo? Pelo que vi, as propostas e comentários feitos antes da reunião não vão determinar apenas o tema do projeto, que é urgente. Porém, quase ""tudo o que você disser pode e será usado num tribunal"", digo, no trabalho escrito, pois é aqui que as ideias incipientes aparecem,. Além disso, o melhor jeito de melhorar uma ideia é malhando-a. Se alguém quiser ligar para um colega e bater papo sobre qualquer coisa, mesmo no privado, é o caminho. Mandem ideias - Bloco por bloco, vamos formando aspectos, parâmetros, teorias, referências, como módulos (ideias) a possíveis projetos maiores.  (PRINCIPAL CONTRIBUIÇÃO) Façam desdobramentos, raciocínios, estratégias - registremos e comparemos os algoritmos, as teorias e problemas que teremos que solucionar.  (Contribuição secundária) Comentem - enviem um simples ""gostei mais|menos desse do que daquele"" ou uma curtida, já ajuda a mapear melhor a qualidade das propostas para nós. (terciária) É o nosso envolvimento que gera o desenvolvimento Se pintar um interesse, curiosidade ou utilidade por alguma ideia, envolva-se...  Para quem gosta de competição, façam seu marketing, briguem, defendam suas ideias e pulem em cima dos comentários, lá é o play Para quem gosta de cooperação, contribuam com boas ideias e voluntariem-se para dar corpo à sua contribuição...  Em resumo:  Usemos o espaço abaixo ou novas postagens para sugerirmos ideias, comentarmos e discutirmos sobre as propostas."	Gestão do TCC
22/08/2025 16:53	Teams - Arquivos	Adição de resumos da quinzena 1	Edna	Resumos da quinzena 1 adicionados à pasta Acadêmico/Resumo Quinzenas	Formatação e Apresentação
31/08/2025 12:50	Enquete externa	Enquete para avaliação/eleição das propostas do TCC	Wesllei	Enquete: https://pollunit.com/polls/59telv4kmfw4cedcymdk5q	Gestão Acadêmica
18/09/2025 10:00	GitHub	Criação do repositório GitHub	Elysio	Repositório inicial do projeto sklearn_rl.	Desenvolvimento de Software
18/09/2025 10:30	GitHub	Realização de commits iniciais	Elysio	Primeiros commits com estrutura básica do projeto.	Desenvolvimento de Software
18/09/2025 11:00	Streamlit Community Cloud	Deploy inicial na Streamlit Community Cloud	Elysio	Publicação da primeira versão do aplicativo.	Desenvolvimento de Software
18/09/2025 12:00	Script Python	Cadastro de estimadores e parâmetros do Scikit-learn	Elysio	Extração e registro de estimadores e seus parâmetros da documentação oficial do Scikit-learn.	Desenvolvimento de Software
18/09/2025 13:00	Teams - Arquivos	Análise de TCCs anteriores de Ciência de Dados	Wesllei	Revisão e análise de TCCs de turmas anteriores para identificar temas, metodologias e formatação.	Pesquisa Acadêmica
18/09/2025 14:00	Teams - Arquivos	Cadastro de disciplinas e conteúdos	Elysio	Registro detalhado de todas as disciplinas do curso e seus conteúdos programáticos.	Pesquisa Acadêmica
17/09/2025 19:00	Videoconferência	Reunião com a orientadora	Todos	Discussão sobre o andamento do projeto e próximas etapas.	Gestão Acadêmica
18/09/2025 17:00	AVA	Prazo final para votação de escolha do projeto	Todos	Votação para decidir entre agente autônomo ou mapeamento de IA.	Gestão Acadêmica
18/09/2025 19:00	Videoconferência	Reunião da orientadora com o superior	Orientadora	Definição sobre a possibilidade de desenvolver dois projetos paralelos.	Gestão Acadêmica